company_name,slug,phone,address,city,state,zip,county,website,has_website,google_maps_url,business_status,license_number,license_status,license_expiration,contact_name,confirmation_level,confirmation_source,confirmation_notes,tsbpe_verified,phone_match,address_match
ADVANTAGE PLUMBING CO,advantage-plumbing-co-borger,(806) 395-8270,"618 N. FLORIDA ST., BORGER, TX 79007",Borger,TX,79007,HUTCHINSON,,False,https://maps.google.com/?cid=17333371608818803778&g_mp=Cidnb29nbGUubWFwcy5wbGFjZXMudjEuUGxhY2VzLlNlYXJjaFRleHQQAhgEIAA,OPERATIONAL,28874,Current,07/31/2027,WILLIAM CLINE,high,tsbpe_verified,TSBPE license verified; Google phone/address match,True,yes,yes
BALLEW PLUMBING COMPANY,ballew-plumbing-company-rusk,(903) 683-4455,"129 FM 1248, RUSK, TX 75785",Rusk,TX,75785,CHEROKEE,,False,https://maps.google.com/?cid=11355481338135245167&g_mp=Cidnb29nbGUubWFwcy5wbGFjZXMudjEuUGxhY2VzLlNlYXJjaFRleHQQAhgEIAA,OPERATIONAL,15327,Current,11/30/2026,EDWIN BALLEW,high,tsbpe_verified,TSBPE license verified; Google phone/address match,True,yes,yes
BAR-B PLUMBING CO INC,bar-b-plumbing-co-inc-kempner,(254) 547-2493,"3330 Lois Ln, Kempner, TX 76539",Kempner,TX,76539,LAMPASAS,,False,https://maps.google.com/?cid=2041022636812706927&g_mp=Cidnb29nbGUubWFwcy5wbGFjZXMudjEuUGxhY2VzLlNlYXJjaFRleHQQAhgEIAA,OPERATIONAL,18915,Current,02/28/2027,EDWARD BARBEE,high,tsbpe_verified,TSBPE license verified; Google phone/address match,True,yes,no
BARTSCH SERVICES INC,bartsch-services-inc-the-woodlands,(281) 364-1944,"1440  LAKE FRONT CIRCLE, SUITE 155, THE WOODLANDS, TX 77380",The Woodlands,TX,77380,MONTGOMERY,,False,https://maps.google.com/?cid=14114866169545027570&g_mp=Cidnb29nbGUubWFwcy5wbGFjZXMudjEuUGxhY2VzLlNlYXJjaFRleHQQAhgEIAA,OPERATIONAL,37279,Current,07/31/2026,JEFFERY BARTSCH,high,tsbpe_verified,TSBPE license verified; Google phone/address match,True,yes,yes
DAN'S ALL AMERICAN PLUMBING LLC,dan-s-all-american-plumbing-llc-kirbyville,(409) 423-5773,"1033 Co Rd 407, Kirbyville, TX 75956",Kirbyville,TX,75956,JASPER,,False,https://maps.google.com/?cid=542009835207468825&g_mp=Cidnb29nbGUubWFwcy5wbGFjZXMudjEuUGxhY2VzLlNlYXJjaFRleHQQAhgEIAA,OPERATIONAL,17203,Current,08/31/2026,DANNY PETERS,high,tsbpe_verified,TSBPE license verified; Google phone/address match,True,yes,no
DANNY HRNCIRIK ELECTRIC,danny-hrncirik-electric-seymour,(940) 889-8843,"406 S Tackitt St, Seymour, TX 76380",Seymour,TX,76380,BAYLOR,,False,https://maps.google.com/?cid=3403672219213016438&g_mp=Cidnb29nbGUubWFwcy5wbGFjZXMudjEuUGxhY2VzLlNlYXJjaFRleHQQAhgEIAA,OPERATIONAL,36539,Current,04/30/2027,DANNY HRNCIRIK,high,tsbpe_verified,TSBPE license verified; Google phone/address match,True,yes,no
DAVID HERBORT PLUMBING AND GENERAL SERVICES LLC,david-herbort-plumbing-and-general-services-llc-fredericksbu,(830) 990-0996,"1800 CENTER POINT RD., FREDERICKSBURG, TX 78624-8119",Fredericksburg,TX,78624-8119,GILLESPIE,,False,https://maps.google.com/?cid=17102091726281081095&g_mp=Cidnb29nbGUubWFwcy5wbGFjZXMudjEuUGxhY2VzLlNlYXJjaFRleHQQAhgEIAA,OPERATIONAL,37094,Current,05/31/2027,DAVID HERBORT,high,tsbpe_verified,TSBPE license verified; Google phone/address match,True,yes,yes
DELLACO INC,dellaco-inc-midlothian,(972) 723-3811,"3031 ROBINSON RD STE F, MIDLOTHIAN, TX 76065",Midlothian,TX,76065,ELLIS,,False,https://maps.google.com/?cid=5329380573916361953&g_mp=Cidnb29nbGUubWFwcy5wbGFjZXMudjEuUGxhY2VzLlNlYXJjaFRleHQQAhgEIAA,OPERATIONAL,37929,Current,08/31/2026,TREVOR PALMER,high,tsbpe_verified,TSBPE license verified; Google phone/address match,True,yes,yes
"ED DAVILA PLUMBING, LLC",ed-davila-plumbing-llc-weimar,(979) 725-6298,"1035 SEDAN ROAD, WEIMAR, TX 78962",Weimar,TX,78962,COLORADO,,False,https://maps.google.com/?cid=6717714617597103694&g_mp=Cidnb29nbGUubWFwcy5wbGFjZXMudjEuUGxhY2VzLlNlYXJjaFRleHQQAhgEIAA,OPERATIONAL,17070,Current,10/31/2026,EDWARD DAVILA,high,tsbpe_verified,TSBPE license verified; Google phone/address match,True,yes,yes
GENE FORD PLUMBING INC,gene-ford-plumbing-inc-denison,(903) 465-0888,"728 W. SHEPHERD, DENISON, TX 75020-5018",Denison,TX,75020-5018,GRAYSON,,False,https://maps.google.com/?cid=3126438691150690159&g_mp=Cidnb29nbGUubWFwcy5wbGFjZXMudjEuUGxhY2VzLlNlYXJjaFRleHQQAhgEIAA,OPERATIONAL,18940,Current,02/28/2027,MARK FOLTERMANN,high,tsbpe_verified,TSBPE license verified; Google phone/address match,True,yes,yes
"HARDIN COUNTY PLUMBING SERVICES, LLC.",hardin-county-plumbing-services-llc-kountze,(409) 246-4740,"105 W Crocker St, Kountze, TX 77625",Kountze,TX,77625,HARDIN,,False,https://maps.google.com/?cid=11529771469441862063&g_mp=Cidnb29nbGUubWFwcy5wbGFjZXMudjEuUGxhY2VzLlNlYXJjaFRleHQQAhgEIAA,OPERATIONAL,13512,Current,11/30/2026,VERNON DEAN,high,tsbpe_verified,TSBPE license verified; Google phone/address match,True,yes,no
HARRIS PLUMBING HEAT & AIR,harris-plumbing-heat-air-seminole,(432) 758-6129,"301 SW 23RD, SEMINOLE, TX 79360",Seminole,TX,79360,GAINES,,False,https://maps.google.com/?cid=9284224390939837183&g_mp=Cidnb29nbGUubWFwcy5wbGFjZXMudjEuUGxhY2VzLlNlYXJjaFRleHQQAhgEIAA,OPERATIONAL,15306,Current,07/31/2026,KENNITH HARRIS,high,tsbpe_verified,TSBPE license verified; Google phone/address match,True,yes,yes
J H PLUMBING LLC,j-h-plumbing-llc-boerne,(210) 274-6497,"106 RUSTY LANE, BOERNE, TX 78006",Boerne,TX,78006,KENDALL,,False,https://maps.google.com/?cid=4146878297791869792&g_mp=Cidnb29nbGUubWFwcy5wbGFjZXMudjEuUGxhY2VzLlNlYXJjaFRleHQQAhgEIAA,OPERATIONAL,39412,Current,04/30/2027,JAMES HOEVER,high,tsbpe_verified,TSBPE license verified; Google phone/address match,True,yes,yes
KOTLAR PLUMBING CO INC,kotlar-plumbing-co-inc-edna,(361) 782-3536,"203 SOUTH EAST ST, EDNA, TX 77957",Edna,TX,77957,JACKSON,,False,https://maps.google.com/?cid=1579846140047681008&g_mp=Cidnb29nbGUubWFwcy5wbGFjZXMudjEuUGxhY2VzLlNlYXJjaFRleHQQAhgEIAA,OPERATIONAL,18271,Current,09/30/2026,LARRY KOTLAR,high,tsbpe_verified,TSBPE license verified; Google phone/address match,True,yes,yes
MOORE PLUMBING REPAIR LLC,moore-plumbing-repair-llc-fairfield,(903) 389-1844,"177 FCR 111, FAIRFIELD, TX 75840",Fairfield,TX,75840,FREESTONE,,False,https://maps.google.com/?cid=7160714959219041617&g_mp=Cidnb29nbGUubWFwcy5wbGFjZXMudjEuUGxhY2VzLlNlYXJjaFRleHQQAhgEIAA,OPERATIONAL,35796,Current,06/30/2026,BRIAN MOORE,high,tsbpe_verified,TSBPE license verified; Google phone/address match,True,yes,yes
RILEY PLUMBING & MECHANICAL,riley-plumbing-mechanical-fort-worth,(817) 237-8104,"6704 AZLE AVENUE, FORT WORTH, TX 76135",Fort Worth,TX,76135,TARRANT,,False,https://maps.google.com/?cid=13268926982810398869&g_mp=Cidnb29nbGUubWFwcy5wbGFjZXMudjEuUGxhY2VzLlNlYXJjaFRleHQQAhgEIAA,OPERATIONAL,18265,Current,06/30/2026,ROBERT RILEY,high,tsbpe_verified,TSBPE license verified; Google phone/address match,True,yes,yes
"ROBERT RUSSELL PLUMBING, INC.",robert-russell-plumbing-inc-muenster,(940) 759-4155,"3814 Co Rd 302, Muenster, TX 76252",Muenster,TX,76252,COOKE,,False,https://maps.google.com/?cid=9790639343170576097&g_mp=Cidnb29nbGUubWFwcy5wbGFjZXMudjEuUGxhY2VzLlNlYXJjaFRleHQQAhgEIAA,OPERATIONAL,8728,Current,05/31/2027,ROBERT RUSSELL,high,tsbpe_verified,TSBPE license verified; Google phone/address match,True,yes,no
SHIPLET PLUMBING,shiplet-plumbing-vernon,(940) 553-1397,"1710 STEPHENS ST, VERNON, TX 76384-8052",Vernon,TX,76384-8052,WILBARGER,,False,https://maps.google.com/?cid=10630238760180911651&g_mp=Cidnb29nbGUubWFwcy5wbGFjZXMudjEuUGxhY2VzLlNlYXJjaFRleHQQAhgEIAA,OPERATIONAL,18482,Current,07/31/2026,CHARLES SHIPLET,high,tsbpe_verified,TSBPE license verified; Google phone/address match,True,yes,yes
SHOFFNER PLUMBING INC,shoffner-plumbing-inc-childress,(940) 937-2969,"701 AVENUE D SE, CHILDRESS, TX 79201",Childress,TX,79201,CHILDRESS,,False,https://maps.google.com/?cid=1521559424039772828&g_mp=Cidnb29nbGUubWFwcy5wbGFjZXMudjEuUGxhY2VzLlNlYXJjaFRleHQQAhgEIAA,OPERATIONAL,22711,Current,04/30/2027,TERRY SHOFFNER,high,tsbpe_verified,TSBPE license verified; Google phone/address match,True,yes,yes
A&S Plumbing,a-s-plumbing-brownsville,(956) 204-1645,"6944 Wild Olive Ln, Brownsville, TX 78526",Brownsville,TX,78526,,,False,https://maps.google.com/?cid=8846280326431006719&g_mp=Cidnb29nbGUubWFwcy5wbGFjZXMudjEuUGxhY2VzLlNlYXJjaFRleHQQAhgEIAA,OPERATIONAL,,,,,high,google_places,Google Places listing with phone and street address; no website listed,False,,
A-Plus Plumbing Contractor,a-plus-plumbing-contractor-laredo,(956) 237-7810,"182 Old Milwaukee Rd, Laredo, TX 78043",Laredo,TX,78043,,,False,https://maps.google.com/?cid=4944507591328352192&g_mp=Cidnb29nbGUubWFwcy5wbGFjZXMudjEuUGxhY2VzLlNlYXJjaFRleHQQAhgEIAA,OPERATIONAL,,,,,high,google_places,Google Places listing with phone and street address; no website listed,False,,
AAA AUGER Plumbing Services,aaa-auger-plumbing-services-austin,(512) 928-0467,"8234 Ferguson Cutoff, Austin, TX 78724",Austin,TX,78724,,,False,https://maps.google.com/?cid=17693970885655317554&g_mp=Cidnb29nbGUubWFwcy5wbGFjZXMudjEuUGxhY2VzLlNlYXJjaFRleHQQAhgEIAA,OPERATIONAL,,,,,high,google_places,Google Places listing with phone and street address; no website listed,False,,
Action Air Plumbing & Septic,action-air-plumbing-septic-lubbock,(806) 214-2722,"8211 Avenue D, Lubbock, TX 79404",Lubbock,TX,79404,,,False,https://maps.google.com/?cid=17194072896015002668&g_mp=Cidnb29nbGUubWFwcy5wbGFjZXMudjEuUGxhY2VzLlNlYXJjaFRleHQQAhgEIAA,OPERATIONAL,,,,,high,google_places,Google Places listing with phone and street address; no website listed,False,,
Alsop Plumbing,alsop-plumbing-killeen,(254) 699-6647,"4105 E Stan Schlueter Loop, Killeen, TX 76542",Killeen,TX,76542,,,False,https://maps.google.com/?cid=5974173547158573987&g_mp=Cidnb29nbGUubWFwcy5wbGFjZXMudjEuUGxhY2VzLlNlYXJjaFRleHQQAhgEIAA,OPERATIONAL,,,,,high,google_places,Google Places listing with phone and street address; no website listed,False,,
Amador and sons plumbing,amador-and-sons-plumbing-el-paso,(915) 487-0397,"4602 Durazno Ave, El Paso, TX 79905",El Paso,TX,79905,,,False,https://maps.google.com/?cid=3802337831645110702&g_mp=Cidnb29nbGUubWFwcy5wbGFjZXMudjEuUGxhY2VzLlNlYXJjaFRleHQQAhgEIAA,OPERATIONAL,,,,,high,google_places,Google Places listing with phone and street address; no website listed,False,,
Arellano's Plumbing,arellano-s-plumbing-laredo,(956) 795-0751,"1217 Clark Blvd, Laredo, TX 78040",Laredo,TX,78040,,,False,https://maps.google.com/?cid=6602798396805551368&g_mp=Cidnb29nbGUubWFwcy5wbGFjZXMudjEuUGxhY2VzLlNlYXJjaFRleHQQAhgEIAA,OPERATIONAL,,,,,high,google_places,Google Places listing with phone and street address; no website listed,False,,
Arlington Plumbing Co,arlington-plumbing-co-arlington,(682) 217-1114,"1112 E Copeland Rd Ste 120, Arlington, TX 76011",Arlington,TX,76011,,,False,https://maps.google.com/?cid=4776198345230770325&g_mp=Cidnb29nbGUubWFwcy5wbGFjZXMudjEuUGxhY2VzLlNlYXJjaFRleHQQAhgEIAA,OPERATIONAL,,,,,high,google_places,Google Places listing with phone and street address; no website listed,False,,
Border Plumbing Services,border-plumbing-services-laredo,(956) 285-1540,"203 Rancho Grande, Laredo, TX 78043",Laredo,TX,78043,,,False,https://maps.google.com/?cid=4729308943134842634&g_mp=Cidnb29nbGUubWFwcy5wbGFjZXMudjEuUGxhY2VzLlNlYXJjaFRleHQQAhgEIAA,OPERATIONAL,,,,,high,google_places,Google Places listing with phone and street address; no website listed,False,,
"Bud's Quality Plumbing, Inc.",bud-s-quality-plumbing-inc-harlingen,(956) 423-3421,"912 N Commerce St, Harlingen, TX 78550",Harlingen,TX,78550,,,False,https://maps.google.com/?cid=14573943275188620978&g_mp=Cidnb29nbGUubWFwcy5wbGFjZXMudjEuUGxhY2VzLlNlYXJjaFRleHQQAhgEIAA,OPERATIONAL,,,,,high,google_places,Google Places listing with phone and street address; no website listed,False,,
Caleb's Plumbing,caleb-s-plumbing-brownsville,(956) 302-9210,"443 S Clubhouse Rd #317, Brownsville, TX 78521",Brownsville,TX,78521,,,False,https://maps.google.com/?cid=15596277055663236448&g_mp=Cidnb29nbGUubWFwcy5wbGFjZXMudjEuUGxhY2VzLlNlYXJjaFRleHQQAhgEIAA,OPERATIONAL,,,,,high,google_places,Google Places listing with phone and street address; no website listed,False,,
Carlos & Sons Plumbing,carlos-sons-plumbing-waco,(254) 277-2617,"3526 N 19th St #8000, Waco, TX 76708",Waco,TX,76708,,,False,https://maps.google.com/?cid=2741345511660635028&g_mp=Cidnb29nbGUubWFwcy5wbGFjZXMudjEuUGxhY2VzLlNlYXJjaFRleHQQAhgEIAA,OPERATIONAL,,,,,high,google_places,Google Places listing with phone and street address; no website listed,False,,
"Carrollton Plumbing Service, Inc.",carrollton-plumbing-service-inc-carrollton,(972) 820-0565,"1448 Halsey Way #100, Carrollton, TX 75007",Carrollton,TX,75007,,,False,https://maps.google.com/?cid=3700697054082226612&g_mp=Cidnb29nbGUubWFwcy5wbGFjZXMudjEuUGxhY2VzLlNlYXJjaFRleHQQAhgEIAA,OPERATIONAL,,,,,high,google_places,Google Places listing with phone and street address; no website listed,False,,
Castro's Plumbing,castro-s-plumbing-midland,(432) 687-1816,"901 San Andres Dr, Midland, TX 79706",Midland,TX,79706,,,False,https://maps.google.com/?cid=11718616848613896249&g_mp=Cidnb29nbGUubWFwcy5wbGFjZXMudjEuUGxhY2VzLlNlYXJjaFRleHQQAhgEIAA,OPERATIONAL,,,,,high,google_places,Google Places listing with phone and street address; no website listed,False,,
City Plumbing Co,city-plumbing-co-laredo,(956) 723-9513,"315 Iturbide St, Laredo, TX 78040",Laredo,TX,78040,,,False,https://maps.google.com/?cid=11586088307460848219&g_mp=Cidnb29nbGUubWFwcy5wbGFjZXMudjEuUGxhY2VzLlNlYXJjaFRleHQQAhgEIAA,OPERATIONAL,,,,,high,google_places,Google Places listing with phone and street address; no website listed,False,,
Copperas Cove Speedy Commercial Plumbing LLC,copperas-cove-speedy-commercial-plumbing-llc-copperas-cove,(254) 267-0913,"1312 S FM 116 #1649, Copperas Cove, TX 76522",Copperas Cove,TX,76522,,,False,https://maps.google.com/?cid=6085708317828150515&g_mp=Cidnb29nbGUubWFwcy5wbGFjZXMudjEuUGxhY2VzLlNlYXJjaFRleHQQAhgEIAA,OPERATIONAL,,,,,high,google_places,Google Places listing with phone and street address; no website listed,False,,
Cotton City Plumbing,cotton-city-plumbing-lubbock,(806) 441-4110,"1306 146th St, Lubbock, TX 79423",Lubbock,TX,79423,,,False,https://maps.google.com/?cid=14122116929879608832&g_mp=Cidnb29nbGUubWFwcy5wbGFjZXMudjEuUGxhY2VzLlNlYXJjaFRleHQQAhgEIAA,OPERATIONAL,,,,,high,google_places,Google Places listing with phone and street address; no website listed,False,,
Curtis & Sons Plumbing,curtis-sons-plumbing-harker-heights,(254) 271-0541,"303 S Amy Ln #4800, Harker Heights, TX 76548",Harker Heights,TX,76548,,,False,https://maps.google.com/?cid=6353614309705204306&g_mp=Cidnb29nbGUubWFwcy5wbGFjZXMudjEuUGxhY2VzLlNlYXJjaFRleHQQAhgEIAA,OPERATIONAL,,,,,high,google_places,Google Places listing with phone and street address; no website listed,False,,
Direct Source Plumbing,direct-source-plumbing-arlington,(817) 561-6400,"3216 W Park Row Dr, Arlington, TX 76013",Arlington,TX,76013,,,False,https://maps.google.com/?cid=4680488713154941287&g_mp=Cidnb29nbGUubWFwcy5wbGFjZXMudjEuUGxhY2VzLlNlYXJjaFRleHQQAhgEIAA,OPERATIONAL,,,,,high,google_places,Google Places listing with phone and street address; no website listed,False,,
E Maldonado & Sons Plumbing Co,e-maldonado-sons-plumbing-co-laredo,(956) 724-3675,"506 Boise Way, Laredo, TX 78041",Laredo,TX,78041,,,False,https://maps.google.com/?cid=13324260547358574830&g_mp=Cidnb29nbGUubWFwcy5wbGFjZXMudjEuUGxhY2VzLlNlYXJjaFRleHQQAhgEIAA,OPERATIONAL,,,,,high,google_places,Google Places listing with phone and street address; no website listed,False,,
El Paso Plumbing,el-paso-plumbing-el-paso,(915) 691-8291,"3114 Hamilton Ave, El Paso, TX 79930",El Paso,TX,79930,,,False,https://maps.google.com/?cid=3369892619566519041&g_mp=Cidnb29nbGUubWFwcy5wbGFjZXMudjEuUGxhY2VzLlNlYXJjaFRleHQQAhgEIAA,OPERATIONAL,,,,,high,google_places,Google Places listing with phone and street address; no website listed,False,,
Ellis & Sons Plumbing Heating,ellis-sons-plumbing-heating-midland,(432) 683-2679,"201 E Dengar Ave, Midland, TX 79705",Midland,TX,79705,,,False,https://maps.google.com/?cid=14014351057562400286&g_mp=Cidnb29nbGUubWFwcy5wbGFjZXMudjEuUGxhY2VzLlNlYXJjaFRleHQQAhgEIAA,OPERATIONAL,,,,,high,google_places,Google Places listing with phone and street address; no website listed,False,,
Emergency Commercial Plumbing Co,emergency-commercial-plumbing-co-el-paso,(915) 995-6909,"1111 Barranca Dr #9390, El Paso, TX 79935",El Paso,TX,79935,,,False,https://maps.google.com/?cid=15236277684646806071&g_mp=Cidnb29nbGUubWFwcy5wbGFjZXMudjEuUGxhY2VzLlNlYXJjaFRleHQQAhgEIAA,OPERATIONAL,,,,,high,google_places,Google Places listing with phone and street address; no website listed,False,,
GP Plumbing,gp-plumbing-denton,(940) 390-4384,"2207 Wellington Dr, Denton, TX 76209",Denton,TX,76209,,,False,https://maps.google.com/?cid=1245386024347092052&g_mp=Cidnb29nbGUubWFwcy5wbGFjZXMudjEuUGxhY2VzLlNlYXJjaFRleHQQAhgEIAA,OPERATIONAL,,,,,high,google_places,Google Places listing with phone and street address; no website listed,False,,
Gator Plumbing,gator-plumbing-los-fresnos,(956) 761-2620,"41786 FM510, Los Fresnos, TX 78566",Los Fresnos,TX,78566,,,False,https://maps.google.com/?cid=1235802922018173526&g_mp=Cidnb29nbGUubWFwcy5wbGFjZXMudjEuUGxhY2VzLlNlYXJjaFRleHQQAhgEIAA,OPERATIONAL,,,,,high,google_places,Google Places listing with phone and street address; no website listed,False,,
Goode Plumbing Inc,goode-plumbing-inc-midland,(432) 682-8071,"5608 S County Rd 1195, Midland, TX 79706",Midland,TX,79706,,,False,https://maps.google.com/?cid=12108214373502604542&g_mp=Cidnb29nbGUubWFwcy5wbGFjZXMudjEuUGxhY2VzLlNlYXJjaFRleHQQAhgEIAA,OPERATIONAL,,,,,high,google_places,Google Places listing with phone and street address; no website listed,False,,
Green Star Plumbing Company Grand Prairie-Plumber,green-star-plumbing-company-grand-prairie-plumber-grand-prai,(972) 559-0174,"1551 State Hwy 161, Grand Prairie, TX 75050",Grand Prairie,TX,75050,,,False,https://maps.google.com/?cid=14246105029552549772&g_mp=Cidnb29nbGUubWFwcy5wbGFjZXMudjEuUGxhY2VzLlNlYXJjaFRleHQQAhgEIAA,OPERATIONAL,,,,,high,google_places,Google Places listing with phone and street address; no website listed,False,,
Guevara's Plumbing,guevara-s-plumbing-san-benito,(956) 592-5142,"33969 FM510, San Benito, TX 78586",San Benito,TX,78586,,,False,https://maps.google.com/?cid=3251636302413082824&g_mp=Cidnb29nbGUubWFwcy5wbGFjZXMudjEuUGxhY2VzLlNlYXJjaFRleHQQAhgEIAA,OPERATIONAL,,,,,high,google_places,Google Places listing with phone and street address; no website listed,False,,
Hand Plumbing Service Inc.,hand-plumbing-service-inc-corpus-christi,(361) 850-7706,"7706 Slough Rd, Corpus Christi, TX 78414",Corpus Christi,TX,78414,,,False,https://maps.google.com/?cid=9677334095766545626&g_mp=Cidnb29nbGUubWFwcy5wbGFjZXMudjEuUGxhY2VzLlNlYXJjaFRleHQQAhgEIAA,OPERATIONAL,,,,,high,google_places,Google Places listing with phone and street address; no website listed,False,,
Hugo's Plumbing Service,hugo-s-plumbing-service-mcallen,(956) 503-8368,"3005 Providence Ave, McAllen, TX 78504",McAllen,TX,78504,,,False,https://maps.google.com/?cid=14088619552774690906&g_mp=Cidnb29nbGUubWFwcy5wbGFjZXMudjEuUGxhY2VzLlNlYXJjaFRleHQQAhgEIAA,OPERATIONAL,,,,,high,google_places,Google Places listing with phone and street address; no website listed,False,,
LOPEZ PLUMBING,lopez-plumbing-brownsville,(956) 521-5906,"14 W 12th St, Brownsville, TX 78520",Brownsville,TX,78520,,,False,https://maps.google.com/?cid=5483654201801053225&g_mp=Cidnb29nbGUubWFwcy5wbGFjZXMudjEuUGxhY2VzLlNlYXJjaFRleHQQAhgEIAA,OPERATIONAL,,,,,high,google_places,Google Places listing with phone and street address; no website listed,False,,
"Leak-Tek Plumbing, Heating & Air",leak-tek-plumbing-heating-air-lubbock,(806) 451-9966,"5821 50th St Unit C, Lubbock, TX 79424",Lubbock,TX,79424,,,False,https://maps.google.com/?cid=17638396491472296208&g_mp=Cidnb29nbGUubWFwcy5wbGFjZXMudjEuUGxhY2VzLlNlYXJjaFRleHQQAhgEIAA,OPERATIONAL,,,,,high,google_places,Google Places listing with phone and street address; no website listed,False,,
Local Plumbers Carrollton texas,local-plumbers-carrollton-texas-carrollton,(972) 827-7059,"3008 E Hebron Pkwy, Carrollton, TX 75010",Carrollton,TX,75010,,,False,https://maps.google.com/?cid=1563347562556172744&g_mp=Cidnb29nbGUubWFwcy5wbGFjZXMudjEuUGxhY2VzLlNlYXJjaFRleHQQAhgEIAA,OPERATIONAL,,,,,high,google_places,Google Places listing with phone and street address; no website listed,False,,
Luke & Sons Plumbers LLC,luke-sons-plumbers-llc-el-paso,(915) 265-4928,"8721 Yermoland Dr #6320, El Paso, TX 79907",El Paso,TX,79907,,,False,https://maps.google.com/?cid=874168488522932856&g_mp=Cidnb29nbGUubWFwcy5wbGFjZXMudjEuUGxhY2VzLlNlYXJjaFRleHQQAhgEIAA,OPERATIONAL,,,,,high,google_places,Google Places listing with phone and street address; no website listed,False,,
McG Krush Plumbing Solutions,mcg-krush-plumbing-solutions-grand-prairie,(682) 553-0163,"1610 W Polo Rd, Grand Prairie, TX 75052",Grand Prairie,TX,75052,,,False,https://maps.google.com/?cid=6862134850280449926&g_mp=Cidnb29nbGUubWFwcy5wbGFjZXMudjEuUGxhY2VzLlNlYXJjaFRleHQQAhgEIAA,OPERATIONAL,,,,,high,google_places,Google Places listing with phone and street address; no website listed,False,,
My Plumbing,my-plumbing-killeen,(254) 371-5657,"5212 Tiffany Cir, Killeen, TX 76549",Killeen,TX,76549,,,False,https://maps.google.com/?cid=5424442198924087783&g_mp=Cidnb29nbGUubWFwcy5wbGFjZXMudjEuUGxhY2VzLlNlYXJjaFRleHQQAhgEIAA,OPERATIONAL,,,,,high,google_places,Google Places listing with phone and street address; no website listed,False,,
North Side Air Conditioning,north-side-air-conditioning-laredo,(956) 725-7428,"1401 Guatemozin St, Laredo, TX 78040",Laredo,TX,78040,,,False,https://maps.google.com/?cid=18267925524312641358&g_mp=Cidnb29nbGUubWFwcy5wbGFjZXMudjEuUGxhY2VzLlNlYXJjaFRleHQQAhgEIAA,OPERATIONAL,,,,,high,google_places,Google Places listing with phone and street address; no website listed,False,,
Ocean Plumbing Inc,ocean-plumbing-inc-corpus-christi,(361) 937-7284,"304 Glenoak Dr, Corpus Christi, TX 78418",Corpus Christi,TX,78418,,,False,https://maps.google.com/?cid=1636550692184654746&g_mp=Cidnb29nbGUubWFwcy5wbGFjZXMudjEuUGxhY2VzLlNlYXJjaFRleHQQAhgEIAA,OPERATIONAL,,,,,high,google_places,Google Places listing with phone and street address; no website listed,False,,
Owen Plumbing & Drain Inc,owen-plumbing-drain-inc-corpus-christi,(361) 854-0881,"2418 Sacky Dr, Corpus Christi, TX 78415",Corpus Christi,TX,78415,,,False,https://maps.google.com/?cid=9358617783558780510&g_mp=Cidnb29nbGUubWFwcy5wbGFjZXMudjEuUGxhY2VzLlNlYXJjaFRleHQQAhgEIAA,OPERATIONAL,,,,,high,google_places,Google Places listing with phone and street address; no website listed,False,,
Pro Plumbing Lubbock TX,pro-plumbing-lubbock-tx-lubbock,(806) 589-5171,"2420 Broadway St, Lubbock, TX 79401",Lubbock,TX,79401,,,False,https://maps.google.com/?cid=3870975002346071439&g_mp=Cidnb29nbGUubWFwcy5wbGFjZXMudjEuUGxhY2VzLlNlYXJjaFRleHQQAhgEIAA,OPERATIONAL,,,,,high,google_places,Google Places listing with phone and street address; no website listed,False,,
Quick Fix Plumbers Arlington TX,quick-fix-plumbers-arlington-tx-arlington,(817) 242-5538,"2529 W Arkansas Ln, Arlington, TX 76016",Arlington,TX,76016,,,False,https://maps.google.com/?cid=9175752389454926306&g_mp=Cidnb29nbGUubWFwcy5wbGFjZXMudjEuUGxhY2VzLlNlYXJjaFRleHQQAhgEIAA,OPERATIONAL,,,,,high,google_places,Google Places listing with phone and street address; no website listed,False,,
QuickFix Plumber Plano,quickfix-plumber-plano-plano,(469) 817-7527,"1405 Municipal Avenue, 2213 14th St, Plano, TX 75074",Plano,TX,75074,,,False,https://maps.google.com/?cid=985806310632907332&g_mp=Cidnb29nbGUubWFwcy5wbGFjZXMudjEuUGxhY2VzLlNlYXJjaFRleHQQAhgEIAA,OPERATIONAL,,,,,high,google_places,Google Places listing with phone and street address; no website listed,False,,
R & R Plumbing,r-r-plumbing-mission,(956) 585-6744,"6501 N Minnesota Rd, Mission, TX 78574",Mission,TX,78574,,,False,https://maps.google.com/?cid=14689019348980925964&g_mp=Cidnb29nbGUubWFwcy5wbGFjZXMudjEuUGxhY2VzLlNlYXJjaFRleHQQAhgEIAA,OPERATIONAL,,,,,high,google_places,Google Places listing with phone and street address; no website listed,False,,
Radiant Plumbing & Air Conditioning,radiant-plumbing-air-conditioning-san-antonio,(210) 934-3761,"10927 Wye Dr #102, San Antonio, TX 78217",San Antonio,TX,78217,,,False,https://maps.google.com/?cid=6432204001241944028&g_mp=Cidnb29nbGUubWFwcy5wbGFjZXMudjEuUGxhY2VzLlNlYXJjaFRleHQQAhgEIAA,OPERATIONAL,,,,,high,google_places,Google Places listing with phone and street address; no website listed,False,,
"Radiant Plumbing, Air Conditioning, & Electrical",radiant-plumbing-air-conditioning-electrical-austin,(512) 690-4935,"901 Reinli St, Austin, TX 78751",Austin,TX,78751,,,False,https://maps.google.com/?cid=2775625716630810184&g_mp=Cidnb29nbGUubWFwcy5wbGFjZXMudjEuUGxhY2VzLlNlYXJjaFRleHQQAhgEIAA,OPERATIONAL,,,,,high,google_places,Google Places listing with phone and street address; no website listed,False,,
Ramirez Plumbing,ramirez-plumbing-brownsville,(956) 466-6638,"580 N Dakota Ave, Brownsville, TX 78521",Brownsville,TX,78521,,,False,https://maps.google.com/?cid=7976599050053133129&g_mp=Cidnb29nbGUubWFwcy5wbGFjZXMudjEuUGxhY2VzLlNlYXJjaFRleHQQAhgEIAA,OPERATIONAL,,,,,high,google_places,Google Places listing with phone and street address; no website listed,False,,
Redstar Plumbing & Heating,redstar-plumbing-heating-brownsville,(956) 474-3657,"3505 Boca Chica Blvd #315, Brownsville, TX 78521",Brownsville,TX,78521,,,False,https://maps.google.com/?cid=13355848474112948202&g_mp=Cidnb29nbGUubWFwcy5wbGFjZXMudjEuUGxhY2VzLlNlYXJjaFRleHQQAhgEIAA,OPERATIONAL,,,,,high,google_places,Google Places listing with phone and street address; no website listed,False,,
Reliable Plumbing,reliable-plumbing-el-paso,(915) 588-2561,"5423 Dailey Ave, El Paso, TX 79905",El Paso,TX,79905,,,False,https://maps.google.com/?cid=7542917005709673545&g_mp=Cidnb29nbGUubWFwcy5wbGFjZXMudjEuUGxhY2VzLlNlYXJjaFRleHQQAhgEIAA,OPERATIONAL,,,,,high,google_places,Google Places listing with phone and street address; no website listed,False,,
Robert’s Repair Plumbing,robert-s-repair-plumbing-brownsville,(956) 203-9993,"1844 El Cielo St, Brownsville, TX 78520",Brownsville,TX,78520,,,False,https://maps.google.com/?cid=7310766451041223068&g_mp=Cidnb29nbGUubWFwcy5wbGFjZXMudjEuUGxhY2VzLlNlYXJjaFRleHQQAhgEIAA,OPERATIONAL,,,,,high,google_places,Google Places listing with phone and street address; no website listed,False,,
Ruiz Handyman Service,ruiz-handyman-service-laredo,(956) 290-1000,"622 Birchwood Ln Apt B, Laredo, TX 78041",Laredo,TX,78041,,,False,https://maps.google.com/?cid=6055406132409981911&g_mp=Cidnb29nbGUubWFwcy5wbGFjZXMudjEuUGxhY2VzLlNlYXJjaFRleHQQAhgEIAA,OPERATIONAL,,,,,high,google_places,Google Places listing with phone and street address; no website listed,False,,
"Simple Service Plumbing, Heating & Air",simple-service-plumbing-heating-air-san-antonio,(210) 405-9825,"11503 Jones Maltsberger Rd Ste 1139, San Antonio, TX 78216",San Antonio,TX,78216,,,False,https://maps.google.com/?cid=7889267011218532232&g_mp=Cidnb29nbGUubWFwcy5wbGFjZXMudjEuUGxhY2VzLlNlYXJjaFRleHQQAhgEIAA,OPERATIONAL,,,,,high,google_places,Google Places listing with phone and street address; no website listed,False,,
South Texas Plumbing Contractors,south-texas-plumbing-contractors-laredo,(956) 333-6935,"109 Flecha Ln Ste B, Laredo, TX 78045",Laredo,TX,78045,,,False,https://maps.google.com/?cid=1687279349361902417&g_mp=Cidnb29nbGUubWFwcy5wbGFjZXMudjEuUGxhY2VzLlNlYXJjaFRleHQQAhgEIAA,OPERATIONAL,,,,,high,google_places,Google Places listing with phone and street address; no website listed,False,,
Texas Directional Boring,texas-directional-boring-laredo,(855) 233-9383,"1100 Matamoros St 2nd Fl, Laredo, TX 78040",Laredo,TX,78040,,,False,https://maps.google.com/?cid=8580480916260747347&g_mp=Cidnb29nbGUubWFwcy5wbGFjZXMudjEuUGxhY2VzLlNlYXJjaFRleHQQAhgEIAA,OPERATIONAL,,,,,high,google_places,Google Places listing with phone and street address; no website listed,False,,
Theodore & Sons Plumbing,theodore-sons-plumbing-el-paso,(915) 265-0914,"1701 N Mesa St #7700, El Paso, TX 79902",El Paso,TX,79902,,,False,https://maps.google.com/?cid=12841821283138090862&g_mp=Cidnb29nbGUubWFwcy5wbGFjZXMudjEuUGxhY2VzLlNlYXJjaFRleHQQAhgEIAA,OPERATIONAL,,,,,high,google_places,Google Places listing with phone and street address; no website listed,False,,
Toby's Plumbing Inc,toby-s-plumbing-inc-mcallen,(956) 687-3627,"605 E Beech Ave, McAllen, TX 78501",McAllen,TX,78501,,,False,https://maps.google.com/?cid=10273906593625400639&g_mp=Cidnb29nbGUubWFwcy5wbGFjZXMudjEuUGxhY2VzLlNlYXJjaFRleHQQAhgEIAA,OPERATIONAL,,,,,high,google_places,Google Places listing with phone and street address; no website listed,False,,
Top Plumbing Experts Arlington,top-plumbing-experts-arlington-arlington,(682) 297-6526,"801 E Park Row Dr, Arlington, TX 76010",Arlington,TX,76010,,,False,https://maps.google.com/?cid=10752348519835805561&g_mp=Cidnb29nbGUubWFwcy5wbGFjZXMudjEuUGxhY2VzLlNlYXJjaFRleHQQAhgEIAA,OPERATIONAL,,,,,high,google_places,Google Places listing with phone and street address; no website listed,False,,
Torres Plumbing,torres-plumbing-brownsville,(956) 542-7243,"1504 Zamora Dr, Brownsville, TX 78526",Brownsville,TX,78526,,,False,https://maps.google.com/?cid=9317174526453361820&g_mp=Cidnb29nbGUubWFwcy5wbGFjZXMudjEuUGxhY2VzLlNlYXJjaFRleHQQAhgEIAA,OPERATIONAL,,,,,high,google_places,Google Places listing with phone and street address; no website listed,False,,
VIP PLUMBING EXPERTS LLC,vip-plumbing-experts-llc-frisco,(469) 486-0687,"5566 Main St, Frisco, TX 75033",Frisco,TX,75033,,,False,https://maps.google.com/?cid=3056753035703055885&g_mp=Cidnb29nbGUubWFwcy5wbGFjZXMudjEuUGxhY2VzLlNlYXJjaFRleHQQAhgEIAA,OPERATIONAL,,,,,high,google_places,Google Places listing with phone and street address; no website listed,False,,
White's Plumbing,white-s-plumbing-waco,(254) 716-8849,"1312 Turner St, Waco, TX 76704",Waco,TX,76704,,,False,https://maps.google.com/?cid=18225566632353242412&g_mp=Cidnb29nbGUubWFwcy5wbGFjZXMudjEuUGxhY2VzLlNlYXJjaFRleHQQAhgEIAA,OPERATIONAL,,,,,high,google_places,Google Places listing with phone and street address; no website listed,False,,
Willis Plumbing Heating & AC,willis-plumbing-heating-ac-amarillo,(806) 374-4551,"722 S Arthur St, Amarillo, TX 79102",Amarillo,TX,79102,,,False,https://maps.google.com/?cid=792524721478005266&g_mp=Cidnb29nbGUubWFwcy5wbGFjZXMudjEuUGxhY2VzLlNlYXJjaFRleHQQAhgEIAA,OPERATIONAL,,,,,high,google_places,Google Places listing with phone and street address; no website listed,False,,
YJ Home Repair / Drywall Repair/Handyman/plumbing/Electrician/painting/Bathroom Remodel,yj-home-repair-drywall-repair-handyman-plumbing-electrician-,(956) 884-2695,"123 Trenton Rd, Edinburg, TX 78542",Edinburg,TX,78542,,,False,https://maps.google.com/?cid=435272818247934231&g_mp=Cidnb29nbGUubWFwcy5wbGFjZXMudjEuUGxhY2VzLlNlYXJjaFRleHQQAhgEIAA,OPERATIONAL,,,,,high,google_places,Google Places listing with phone and street address; no website listed,False,,
plumbersmesquitetx.co,plumbersmesquitetx-co-mesquite,(972) 379-7257,"15332 Lyndon B Johnson Fwy, Mesquite, TX 75150",Mesquite,TX,75150,,,False,https://maps.google.com/?cid=16730952452507028664&g_mp=Cidnb29nbGUubWFwcy5wbGFjZXMudjEuUGxhY2VzLlNlYXJjaFRleHQQAhgEIAA,OPERATIONAL,,,,,high,google_places,Google Places listing with phone and street address; no website listed,False,,
4T CONSTRUCTION,4t-construction-burnet,(701) 690-9797,"2513 132nd J Ave NW, Arnegard, ND 58835",Burnet,TX,78611,BURNET,,False,https://maps.google.com/?cid=18387288943348142898&g_mp=Cidnb29nbGUubWFwcy5wbGFjZXMudjEuUGxhY2VzLlNlYXJjaFRleHQQAhgEIAA,OPERATIONAL,37286,Current,02/28/2027,FREDDY PARK,medium,tsbpe_crossref,Google listing confirmed via TSBPE cross-reference (conflict); Phone mismatch: TSBPE (512) 748-9250 vs Google (701) 690-9797; Address differs; prefer Google street address; Manual review recommended,True,no,no
ACE PLUMBINGADRIANA & MARTIN GUTIERREZ ENTERPRISES INC,ace-plumbingadriana-martin-gutierrez-enterprises-inc-rockdal,(424) 249-8661,"1509 N Kraemer Blvd, Anaheim, CA 92806",Rockdale,TX,76567,MILAM,,False,https://maps.google.com/?cid=13058694399310519893&g_mp=Cidnb29nbGUubWFwcy5wbGFjZXMudjEuUGxhY2VzLlNlYXJjaFRleHQQAhgEIAA,OPERATIONAL,36525,Current,08/31/2026,MARTIN GUTIERREZ,medium,tsbpe_crossref,Google listing confirmed via TSBPE cross-reference (conflict); Phone mismatch: TSBPE (512) 446-5152 vs Google (424) 249-8661; Address differs; prefer Google street address; Manual review recommended,True,no,no
AG PLUMBING,ag-plumbing-weslaco,(956) 463-4116,"1507 Guadalupe St, Weslaco, TX 78596",Weslaco,TX,78596,HIDALGO,,False,https://maps.google.com/?cid=7872942708760594232&g_mp=Cidnb29nbGUubWFwcy5wbGFjZXMudjEuUGxhY2VzLlNlYXJjaFRleHQQAhgEIAA,OPERATIONAL,12517,Current,10/31/2026,ARMANDO GONZALEZ,medium,tsbpe_crossref,Google listing confirmed via TSBPE cross-reference (partial_match); Phone mismatch: TSBPE (956) 499-1943 vs Google (956) 463-4116; Address matches TSBPE and Google,True,no,yes
"AIRWAY PLUMBING, HEATING & A/C",airway-plumbing-heating-a-c-tulia,(806) 995-2191,"303 S Bowie Ave, Tulia, TX 79088",Tulia,TX,79088,SWISHER,,False,https://maps.google.com/?cid=13786403746034263851&g_mp=Cidnb29nbGUubWFwcy5wbGFjZXMudjEuUGxhY2VzLlNlYXJjaFRleHQQAhgEIAA,OPERATIONAL,36153,Current,09/30/2026,JAMES JOHNSON,medium,tsbpe_crossref,Google listing confirmed via TSBPE cross-reference (partial_match); Phone mismatch: TSBPE (806) 995-4085 vs Google (806) 995-2191; Address matches TSBPE and Google,True,no,yes
ALTON HESS PLUMBING LLC,alton-hess-plumbing-llc-farmersville,(903) 785-5683,"5805 Jamar Rd, Reno, TX 75462",Farmersville,TX,75442,COLLIN,,False,https://maps.google.com/?cid=4531044415536284610&g_mp=Cidnb29nbGUubWFwcy5wbGFjZXMudjEuUGxhY2VzLlNlYXJjaFRleHQQAhgEIAA,OPERATIONAL,39355,Current,03/31/2027,ALTON HESS,medium,tsbpe_crossref,Google listing confirmed via TSBPE cross-reference (partial_match); Phone matches TSBPE and Google; Address differs; prefer Google street address,True,yes,no
AMERICAN CLASSIC PLUMBING INC,american-classic-plumbing-inc-kingsland,(951) 676-2410,"29793 Via Las Chacras, Temecula, CA 92591",Kingsland,TX,78639,LLANO,,False,https://maps.google.com/?cid=7469827578962843067&g_mp=Cidnb29nbGUubWFwcy5wbGFjZXMudjEuUGxhY2VzLlNlYXJjaFRleHQQAhgEIAA,OPERATIONAL,43607,Current,02/28/2027,MICHAEL DAVIS,medium,tsbpe_crossref,Google listing confirmed via TSBPE cross-reference (conflict); Phone mismatch: TSBPE (806) 702-0701 vs Google (951) 676-2410; TSBPE PO box; prefer Google street address; Manual review recommended,True,no,no
CENTEX ELITE PLUMBING LLC,centex-elite-plumbing-llc-austin,(254) 368-5181,"2208 Oak Hill Dr, Copperas Cove, TX 76522",Austin,TX,78725,TRAVIS,,False,https://maps.google.com/?cid=17812982011770680119&g_mp=Cidnb29nbGUubWFwcy5wbGFjZXMudjEuUGxhY2VzLlNlYXJjaFRleHQQAhgEIAA,OPERATIONAL,39448,Current,11/30/2026,ISAAC LOPEZ,medium,tsbpe_crossref,Google listing confirmed via TSBPE cross-reference (conflict); Phone mismatch: TSBPE (512) 284-6859 vs Google (254) 368-5181; Address differs; prefer Google street address; Manual review recommended,True,no,no
CLEAR FORK PLUMBING,clear-fork-plumbing-stamford,(325) 773-5212,"314 N Swenson St, Stamford, TX 79553",Stamford,TX,79553,JONES,,False,https://maps.google.com/?cid=8637883023632946295&g_mp=Cidnb29nbGUubWFwcy5wbGFjZXMudjEuUGxhY2VzLlNlYXJjaFRleHQQAhgEIAA,OPERATIONAL,18983,Current,10/31/2026,PATRICK BEVERLY,medium,tsbpe_crossref,Google listing confirmed via TSBPE cross-reference (partial_match); Phone mismatch: TSBPE (325) 725-0347 vs Google (325) 773-5212; Address matches TSBPE and Google,True,no,yes
COWBOY PLUMBING,cowboy-plumbing-mt-pleasant,(903) 424-4794,"514 S Florey Ave, Mt Pleasant, TX 75455",Mt Pleasant,TX,75455,TITUS,,False,https://maps.google.com/?cid=5499335872596596431&g_mp=Cidnb29nbGUubWFwcy5wbGFjZXMudjEuUGxhY2VzLlNlYXJjaFRleHQQAhgEIAA,OPERATIONAL,10530,Current,07/31/2026,JUAN GALINDO,medium,tsbpe_crossref,Google listing confirmed via TSBPE cross-reference (partial_match); Phone mismatch: TSBPE (903) 261-6762 vs Google (903) 424-4794; Address matches TSBPE and Google,True,no,yes
DABILA PLUMBING,dabila-plumbing-slaton,(806) 828-6751,"1355 S 9th St, Slaton, TX 79364",Slaton,TX,79364,LUBBOCK,,False,https://maps.google.com/?cid=17810234626434276639&g_mp=Cidnb29nbGUubWFwcy5wbGFjZXMudjEuUGxhY2VzLlNlYXJjaFRleHQQAhgEIAA,OPERATIONAL,13476,Current,09/30/2026,ARTHUR DABILA,medium,tsbpe_crossref,Google listing confirmed via TSBPE cross-reference (partial_match); Phone mismatch: TSBPE (806) 781-8167 vs Google (806) 828-6751; Address matches TSBPE and Google,True,no,yes
DBA: BOB'S PLUMBING,dba-bob-s-plumbing-pampa,(818) 468-7802,"913 Groton Dr, Burbank, CA 91504",Pampa,TX,79065,GRAY,,False,https://maps.google.com/?cid=6910941171983197643&g_mp=Cidnb29nbGUubWFwcy5wbGFjZXMudjEuUGxhY2VzLlNlYXJjaFRleHQQAhgEIAA,OPERATIONAL,39105,Current,09/30/2026,BOBBY FAIRES,medium,tsbpe_crossref,Google listing confirmed via TSBPE cross-reference (conflict); Phone mismatch: TSBPE (806) 669-1940 vs Google (818) 468-7802; Address differs; prefer Google street address; Manual review recommended,True,no,no
DIAMOND D MECHANICAL INC,diamond-d-mechanical-inc-robert-lee,(806) 585-6660,"1194 US-82, Brownfield, TX 79316",Robert Lee,TX,76945,COKE,,False,https://maps.google.com/?cid=12693490441986552139&g_mp=Cidnb29nbGUubWFwcy5wbGFjZXMudjEuUGxhY2VzLlNlYXJjaFRleHQQAhgEIAA,OPERATIONAL,38009,Current,04/30/2027,OTIS HARDING,medium,tsbpe_crossref,Google listing confirmed via TSBPE cross-reference (conflict); Phone mismatch: TSBPE (325) 453-4437 vs Google (806) 585-6660; TSBPE PO box; prefer Google street address; Manual review recommended,True,no,no
EAST TEXAS PLUMBING CO,east-texas-plumbing-co-athens,(409) 832-4154,"5228 Shakespeare Rd, Kountze, TX 77625",Athens,TX,75751,HENDERSON,,False,https://maps.google.com/?cid=5343428176083735286&g_mp=Cidnb29nbGUubWFwcy5wbGFjZXMudjEuUGxhY2VzLlNlYXJjaFRleHQQAhgEIAA,OPERATIONAL,36970,Current,09/30/2026,DERRELL STRANGE,medium,tsbpe_crossref,Google listing confirmed via TSBPE cross-reference (conflict); Phone mismatch: TSBPE (903) 675-9319 vs Google (409) 832-4154; TSBPE PO box; prefer Google street address; Manual review recommended,True,no,no
ETZLER PLUMBING & ELECTRIC INC,etzler-plumbing-electric-inc-hallettsville,(361) 772-5456,"4597 Hwy 90 Alt, Hallettsville, TX 77964",Hallettsville,TX,77964,LAVACA,,False,https://maps.google.com/?cid=15856772380033046008&g_mp=Cidnb29nbGUubWFwcy5wbGFjZXMudjEuUGxhY2VzLlNlYXJjaFRleHQQAhgEIAA,OPERATIONAL,38254,Current,08/31/2026,WILBERT ETZLER,medium,tsbpe_crossref,Google listing confirmed via TSBPE cross-reference (partial_match); Phone mismatch: TSBPE (361) 798-5086 vs Google (361) 772-5456; Address matches TSBPE and Google,True,no,yes
FREE FLOW PLUMBING LLC,free-flow-plumbing-llc-new-waverly,(334) 659-7122,"1017 Sandy Ridge Rd, Prattville, AL 36067",New Waverly,TX,77358,WALKER,,False,https://maps.google.com/?cid=9506049464629763834&g_mp=Cidnb29nbGUubWFwcy5wbGFjZXMudjEuUGxhY2VzLlNlYXJjaFRleHQQAhgEIAA,OPERATIONAL,40062,Current,06/30/2026,MICHAEL MACALUSO,medium,tsbpe_crossref,Google listing confirmed via TSBPE cross-reference (conflict); Phone mismatch: TSBPE (936) 232-0433 vs Google (334) 659-7122; Address differs; prefer Google street address; Manual review recommended,True,no,no
HARPS PLUMBING,harps-plumbing-matagorda,(281) 342-8972,"704 Fairway Dr, Richmond, TX 77469",Matagorda,TX,77457,MATAGORDA,,False,https://maps.google.com/?cid=3206465026058185234&g_mp=Cidnb29nbGUubWFwcy5wbGFjZXMudjEuUGxhY2VzLlNlYXJjaFRleHQQAhgEIAA,OPERATIONAL,12812,Current,10/31/2026,GERALD HARPER,medium,tsbpe_crossref,Google listing confirmed via TSBPE cross-reference (partial_match); Phone matches TSBPE and Google; TSBPE PO box; prefer Google street address,True,yes,no
HERNANDEZ PLUMBING & SEWER INC,hernandez-plumbing-sewer-inc-san-antonio,(951) 235-9548,"3076 Avalon St, Riverside, CA 92509",San Antonio,TX,78228,BEXAR,,False,https://maps.google.com/?cid=14128243594091060589&g_mp=Cidnb29nbGUubWFwcy5wbGFjZXMudjEuUGxhY2VzLlNlYXJjaFRleHQQAhgEIAA,OPERATIONAL,39327,Current,11/30/2026,ANTONIO HERNANDEZ,medium,tsbpe_crossref,Google listing confirmed via TSBPE cross-reference (conflict); Phone mismatch: TSBPE (210) 912-5119 vs Google (951) 235-9548; Address differs; prefer Google street address; Manual review recommended,True,no,no
KRAATZ PLUMBING,kraatz-plumbing-winters,(325) 754-4816,"610 Fannin St, Winters, TX 79567",Winters,TX,79567,RUNNELS,,False,https://maps.google.com/?cid=9427501551067744544&g_mp=Cidnb29nbGUubWFwcy5wbGFjZXMudjEuUGxhY2VzLlNlYXJjaFRleHQQAhgEIAA,OPERATIONAL,12351,Current,02/28/2027,DENNY HEATHCOTT,medium,tsbpe_crossref,Google listing confirmed via TSBPE cross-reference (partial_match); Phone mismatch: TSBPE (325) 977-0008 vs Google (325) 754-4816; Address matches TSBPE and Google,True,no,yes
LONE STAR PLUMBING COMPANY,lone-star-plumbing-company-lubbock,(806) 831-5708,"1615 S 9th St, Slaton, TX 79364",Lubbock,TX,79423,LUBBOCK,,False,https://maps.google.com/?cid=9366009214795514264&g_mp=Cidnb29nbGUubWFwcy5wbGFjZXMudjEuUGxhY2VzLlNlYXJjaFRleHQQAhgEIAA,OPERATIONAL,38795,Current,10/31/2026,STEVEN ADAMS,medium,tsbpe_crossref,Google listing confirmed via TSBPE cross-reference (conflict); Phone mismatch: TSBPE (806) 239-8449 vs Google (806) 831-5708; Address differs; prefer Google street address; Manual review recommended,True,no,no
