company_name,slug,phone,address,city,state,zip,website,has_website,website_category,google_maps_url,business_status,source,discovery_city,discovery_query,license_number,license_status,license_expiration,county,contact_name,crossref_confidence,tsbpe_verified,phone_match,address_match,crossref_notes
Pickell Plumbing LLC,pickell-plumbing-llc-round-rock,(512) 825-8434,"2501 Louis Henna Blvd, Round Rock, TX 78664",Round Rock,TX,78664,,False,no_website,https://maps.google.com/?cid=3213692618444035292&g_mp=Cidnb29nbGUubWFwcy5wbGFjZXMudjEuUGxhY2VzLlNlYXJjaFRleHQQAhgEIAA,OPERATIONAL,google_places,Round Rock,plumber in Round Rock Texas,,,,,,,False,,,
Storybook Plumbing Solutions,storybook-plumbing-solutions-abilene,(325) 238-7320,"731 Walnut St, Abilene, TX 79601",Abilene,TX,79601,http://storybookplumbingsolutions.com/,False,website_url_not_reachable,https://maps.google.com/?cid=8897625315332443342&g_mp=Cidnb29nbGUubWFwcy5wbGFjZXMudjEuUGxhY2VzLlNlYXJjaFRleHQQAhgEIAA,OPERATIONAL,google_places,Abilene,plumber in Abilene Texas,,,,,,,False,,,
T&T Plumbing,t-t-plumbing-abilene,(325) 529-3162,"3478 Catclaw Dr #194, Abilene, TX 79606",Abilene,TX,79606,,False,no_website,https://maps.google.com/?cid=257456628761728380&g_mp=Cidnb29nbGUubWFwcy5wbGFjZXMudjEuUGxhY2VzLlNlYXJjaFRleHQQAhgEIAA,OPERATIONAL,google_places,Abilene,plumber in Abilene Texas,,,,,,,False,,,
The Plumbing Doctor,the-plumbing-doctor-abilene,(325) 484-4090,"650 E N 22nd St, Abilene, TX 79601",Abilene,TX,79601,,False,no_website,https://maps.google.com/?cid=13506022867915219778&g_mp=Cidnb29nbGUubWFwcy5wbGFjZXMudjEuUGxhY2VzLlNlYXJjaFRleHQQAhgEIAA,OPERATIONAL,google_places,Abilene,plumber in Abilene Texas,,,,,,,False,,,
Donnie Underwood Plumbing,donnie-underwood-plumbing-abilene,(325) 698-4911,"1441 Woodard St, Abilene, TX 79605",Abilene,TX,79605,,False,no_website,https://maps.google.com/?cid=13140062934377190609&g_mp=Cidnb29nbGUubWFwcy5wbGFjZXMudjEuUGxhY2VzLlNlYXJjaFRleHQQAhgEIAA,OPERATIONAL,google_places,Abilene,plumbing company Abilene Texas,,,,,,,False,,,
Texas Plumbing Solutions LLC,texas-plumbing-solutions-llc-richardson,(214) 418-4964,"500 E Arapaho Rd Ste 603, Richardson, TX 75081",Richardson,TX,75081,https://friscotxplumbers.com/,False,website_url_not_reachable,https://maps.google.com/?cid=1092828464651696736&g_mp=Cidnb29nbGUubWFwcy5wbGFjZXMudjEuUGxhY2VzLlNlYXJjaFRleHQQAhgEIAA,OPERATIONAL,google_places,Richardson,plumber in Richardson Texas,,,,,,,False,,,
Sawyer Brothers Plumber's Service Co,sawyer-brothers-plumber-s-service-co-richardson,(972) 203-6550,"2929 N Central Expy #957, Richardson, TX 75080",Richardson,TX,75080,,False,no_website,https://maps.google.com/?cid=3932202482829099009&g_mp=Cidnb29nbGUubWFwcy5wbGFjZXMudjEuUGxhY2VzLlNlYXJjaFRleHQQAhgEIAA,OPERATIONAL,google_places,Richardson,plumber in Richardson Texas,,,,,,,False,,,
Texas Green Plumbing,texas-green-plumbing-richardson,(972) 498-1047,"1300 E Arapaho Rd #101, Richardson, TX 75081",Richardson,TX,75081,,False,no_website,https://maps.google.com/?cid=14753332162216721026&g_mp=Cidnb29nbGUubWFwcy5wbGFjZXMudjEuUGxhY2VzLlNlYXJjaFRleHQQAhgEIAA,OPERATIONAL,google_places,Richardson,plumber in Richardson Texas,,,,,,,False,,,
Richardson Plumbing Sewer Air Conditioning Electrical & Air-Duct Cleaning Co,richardson-plumbing-sewer-air-conditioning-electrical-air-du,(469) 898-6929,"504 N Coit Rd #1280, Richardson, TX 75080",Richardson,TX,75080,,False,no_website,https://maps.google.com/?cid=5860040027179343401&g_mp=Cidnb29nbGUubWFwcy5wbGFjZXMudjEuUGxhY2VzLlNlYXJjaFRleHQQAhgEIAA,OPERATIONAL,google_places,Richardson,plumbing company Richardson Texas,,,,,,,False,,,
In-House Plumbing Company,in-house-plumbing-company-allen,(972) 992-1767,"5903 Curtis Dr, Allen, TX 75002",Allen,TX,75002,http://www.inhouseplumbingcompany.com/,False,website_url_not_reachable,https://maps.google.com/?cid=15184127528122818688&g_mp=Cidnb29nbGUubWFwcy5wbGFjZXMudjEuUGxhY2VzLlNlYXJjaFRleHQQAhgEIAA,OPERATIONAL,google_places,Richardson,plumbing company Richardson Texas,,,,,,,False,,,
Don's Plumbing,don-s-plumbing-odessa,(432) 333-9826,"120 Monticello Dr, Odessa, TX 79763",Odessa,TX,79763,,False,no_website,https://maps.google.com/?cid=11589880394767170118&g_mp=Cidnb29nbGUubWFwcy5wbGFjZXMudjEuUGxhY2VzLlNlYXJjaFRleHQQAhgEIAA,OPERATIONAL,google_places,Odessa,plumber in Odessa Texas,,,,,,,False,,,
Trenchless Replacement Specialists,trenchless-replacement-specialists-odessa,(432) 580-7693,"311 W 42nd St, Odessa, TX 79764",Odessa,TX,79764,https://trenchlessrs.com/?utm_source=GMB&utm_medium=Organic,False,website_url_not_reachable,https://maps.google.com/?cid=17360255015325263889&g_mp=Cidnb29nbGUubWFwcy5wbGFjZXMudjEuUGxhY2VzLlNlYXJjaFRleHQQAhgEIAA,OPERATIONAL,google_places,Odessa,plumber in Odessa Texas,,,,,,,False,,,
Danny's Expert Plumbing,danny-s-expert-plumbing-odessa,(432) 332-6692,"1806 N Texas Ave, Odessa, TX 79761",Odessa,TX,79761,http://facebook.com/dannysplumbing/,False,social_or_directory_only,https://maps.google.com/?cid=8995870934160003029&g_mp=Cidnb29nbGUubWFwcy5wbGFjZXMudjEuUGxhY2VzLlNlYXJjaFRleHQQAhgEIAA,OPERATIONAL,google_places,Odessa,plumber in Odessa Texas,,,,,,,False,,,
Rainbow Plumbing,rainbow-plumbing-odessa,(432) 334-0508,"2508 N Grandview Ave A, Odessa, TX 79762",Odessa,TX,79762,,False,no_website,https://maps.google.com/?cid=9336645684659188579&g_mp=Cidnb29nbGUubWFwcy5wbGFjZXMudjEuUGxhY2VzLlNlYXJjaFRleHQQAhgEIAA,OPERATIONAL,google_places,Odessa,plumber in Odessa Texas,,,,,,,False,,,
All-Star Plumbing,all-star-plumbing-odessa,(432) 614-7067,"1128 Bruce Ave, Odessa, TX 79761",Odessa,TX,79761,,False,no_website,https://maps.google.com/?cid=7240903176537086943&g_mp=Cidnb29nbGUubWFwcy5wbGFjZXMudjEuUGxhY2VzLlNlYXJjaFRleHQQAhgEIAA,OPERATIONAL,google_places,Odessa,plumbing company Odessa Texas,,,,,,,False,,,
Bob plumbing repair sugar land,bob-plumbing-repair-sugar-land-sugar-land,(832) 581-4999,"1650 Hwy 6 Ste 425, Sugar Land, TX 77478",Sugar Land,TX,77478,,False,no_website,https://maps.google.com/?cid=10220185385174202089&g_mp=Cidnb29nbGUubWFwcy5wbGFjZXMudjEuUGxhY2VzLlNlYXJjaFRleHQQAhgEIAA,OPERATIONAL,google_places,Sugar Land,plumber in Sugar Land Texas,,,,,,,False,,,
Premium Plumbing,premium-plumbing-beaumont,(409) 842-0997,"1575 S 23rd St, Beaumont, TX 77707",Beaumont,TX,77707,http://www.premiumplumbing.com/,False,website_url_not_reachable,https://maps.google.com/?cid=5835006773963512975&g_mp=Cidnb29nbGUubWFwcy5wbGFjZXMudjEuUGxhY2VzLlNlYXJjaFRleHQQAhgEIAA,OPERATIONAL,google_places,Beaumont,plumber in Beaumont Texas,,,,,,,False,,,
N-Sink Plumbing and Drain Specialist,n-sink-plumbing-and-drain-specialist-beaumont,(409) 245-7153,"1110 Calder Ave Ste 120, Beaumont, TX 77701",Beaumont,TX,77701,https://getnsink.com/,False,website_url_not_reachable,https://maps.google.com/?cid=16916342973189785348&g_mp=Cidnb29nbGUubWFwcy5wbGFjZXMudjEuUGxhY2VzLlNlYXJjaFRleHQQAhgEIAA,OPERATIONAL,google_places,Beaumont,plumber in Beaumont Texas,,,,,,,False,,,
Lyons Plumbing,lyons-plumbing-beaumont,(409) 673-2419,"2197 Central Dr, Beaumont, TX 77706",Beaumont,TX,77706,,False,no_website,https://maps.google.com/?cid=10196801934595618216&g_mp=Cidnb29nbGUubWFwcy5wbGFjZXMudjEuUGxhY2VzLlNlYXJjaFRleHQQAhgEIAA,OPERATIONAL,google_places,Beaumont,plumber in Beaumont Texas,,,,,,,False,,,
Noack Plumbing & Heating,noack-plumbing-heating-beaumont,(409) 866-3500,"7525 College St, Beaumont, TX 77707",Beaumont,TX,77707,,False,no_website,https://maps.google.com/?cid=17163806415423401243&g_mp=Cidnb29nbGUubWFwcy5wbGFjZXMudjEuUGxhY2VzLlNlYXJjaFRleHQQAhgEIAA,OPERATIONAL,google_places,Beaumont,plumber in Beaumont Texas,,,,,,,False,,,
First Class Plumbing,first-class-plumbing-lumberton,(409) 227-0423,"55 W Chance Cutoff Ste 600, Lumberton, TX 77657",Lumberton,TX,77657,https://www.firstclassplumbing.org/,False,website_url_not_reachable,https://maps.google.com/?cid=13476672029247489269&g_mp=Cidnb29nbGUubWFwcy5wbGFjZXMudjEuUGxhY2VzLlNlYXJjaFRleHQQAhgEIAA,OPERATIONAL,google_places,Beaumont,plumber in Beaumont Texas,,,,,,,False,,,
Advantage Plumbing,advantage-plumbing-vidor,(409) 769-6317,"687 Old Highway 90 W, Vidor, TX 77662",Vidor,TX,77662,,False,no_website,https://maps.google.com/?cid=15188129172167003526&g_mp=Cidnb29nbGUubWFwcy5wbGFjZXMudjEuUGxhY2VzLlNlYXJjaFRleHQQAhgEIAA,OPERATIONAL,google_places,Beaumont,plumber in Beaumont Texas,,,,,,,False,,,
Hansen Plumbing Inc,hansen-plumbing-inc-beaumont,(409) 866-2933,"1526 East Ln, Beaumont, TX 77713",Beaumont,TX,77713,,False,no_website,https://maps.google.com/?cid=1485349430536877836&g_mp=Cidnb29nbGUubWFwcy5wbGFjZXMudjEuUGxhY2VzLlNlYXJjaFRleHQQAhgEIAA,OPERATIONAL,google_places,Beaumont,plumbing company Beaumont Texas,,,,,,,False,,,
S.D.S. Plumbing LLC,s-d-s-plumbing-llc-college-station,(979) 457-1121,"1013 Sun Meadow Ct, College Station, TX 77845",College Station,TX,77845,https://sds-plumbing.com/?utm_sources=GMB,False,website_url_not_reachable,https://maps.google.com/?cid=13592318237768651610&g_mp=Cidnb29nbGUubWFwcy5wbGFjZXMudjEuUGxhY2VzLlNlYXJjaFRleHQQAhgEIAA,OPERATIONAL,google_places,College Station,plumber in College Station Texas,,,,,,,False,,,
Tug's Maroon Plumbing,tug-s-maroon-plumbing-college-station,(979) 985-3500,"540 Graham Rd, College Station, TX 77845",College Station,TX,77845,https://maroonplumbers.com/?utm_source=google&utm_medium=local&utm_campaign=gmb,False,website_url_not_reachable,https://maps.google.com/?cid=14167877675048302664&g_mp=Cidnb29nbGUubWFwcy5wbGFjZXMudjEuUGxhY2VzLlNlYXJjaFRleHQQAhgEIAA,OPERATIONAL,google_places,College Station,plumber in College Station Texas,,,,,,,False,,,
Next Plumbing & Heating,next-plumbing-heating-bryan,(979) 314-0898,"1722 Broadmoor Dr #115, Bryan, TX 77802",Bryan,TX,77802,,False,no_website,https://maps.google.com/?cid=3087892024530464612&g_mp=Cidnb29nbGUubWFwcy5wbGFjZXMudjEuUGxhY2VzLlNlYXJjaFRleHQQAhgEIAA,OPERATIONAL,google_places,College Station,plumber in College Station Texas,,,,,,,False,,,
H & A Plumbing,h-a-plumbing-college-station,(979) 690-8844,"4562 Rock Prairie Rd W, College Station, TX 77845",College Station,TX,77845,http://www.haplumbing.com/,False,website_url_not_reachable,https://maps.google.com/?cid=10563701624486627126&g_mp=Cidnb29nbGUubWFwcy5wbGFjZXMudjEuUGxhY2VzLlNlYXJjaFRleHQQAhgEIAA,OPERATIONAL,google_places,College Station,plumber in College Station Texas,,,,,,,False,,,
Speedway Plumbing League City,speedway-plumbing-league-city-league-city,(713) 352-1590,"2309 Acacia Ct, League City, TX 77573",League City,TX,77573,https://league-city-tx.speedwayplumbingtexas.com/,False,website_url_not_reachable,https://maps.google.com/?cid=7648401436450470275&g_mp=Cidnb29nbGUubWFwcy5wbGFjZXMudjEuUGxhY2VzLlNlYXJjaFRleHQQAhgEIAA,OPERATIONAL,google_places,League City,plumber in League City Texas,,,,,,,False,,,
Ryno Plumbing LLC,ryno-plumbing-llc-league-city,(281) 520-5737,"4420 Canonsburg Ln, League City, TX 77573",League City,TX,77573,https://rynoplumbing.com/,False,website_url_not_reachable,https://maps.google.com/?cid=463716894642064153&g_mp=Cidnb29nbGUubWFwcy5wbGFjZXMudjEuUGxhY2VzLlNlYXJjaFRleHQQAhgEIAA,OPERATIONAL,google_places,League City,plumber in League City Texas,,,,,,,False,,,
Galveston Island Plumbing & Drain Cleaning,galveston-island-plumbing-drain-cleaning-league-city,(346) 910-7697,"1401 Link Rd, League City, TX 77573",League City,TX,77573,https://www.galvestonplumbingdrains.com/league-city/?utm_source=google&utm_medium=gmb-league-city,False,website_url_not_reachable,https://maps.google.com/?cid=4085554335166937103&g_mp=Cidnb29nbGUubWFwcy5wbGFjZXMudjEuUGxhY2VzLlNlYXJjaFRleHQQAhgEIAA,OPERATIONAL,google_places,League City,plumbing company League City Texas,,,,,,,False,,,
Bannister Plumbing & Air,bannister-plumbing-air-tyler,(903) 364-7535,"6618 S Broadway Ave, Tyler, TX 75703",Tyler,TX,75703,https://bannisterplumbingandair.com/?utm_source=google&utm_medium=organic&utm_campaign=gbp_tyler,False,website_url_not_reachable,https://maps.google.com/?cid=8813783853865212663&g_mp=Cidnb29nbGUubWFwcy5wbGFjZXMudjEuUGxhY2VzLlNlYXJjaFRleHQQAhgEIAA,OPERATIONAL,google_places,Tyler,plumber in Tyler Texas,,,,,,,False,,,
J's Plumbing,j-s-plumbing-edinburg,(956) 383-6023,"3810 E Richardson Rd, Edinburg, TX 78542",Edinburg,TX,78542,,False,no_website,https://maps.google.com/?cid=3397775701188213319&g_mp=Cidnb29nbGUubWFwcy5wbGFjZXMudjEuUGxhY2VzLlNlYXJjaFRleHQQAhgEIAA,OPERATIONAL,google_places,Edinburg,plumber in Edinburg Texas,,,,,,,False,,,
Rio Plumbing Services,rio-plumbing-services-edinburg,(956) 381-8263,"6205 E Mile 17 1/2 Rd, Edinburg, TX 78542",Edinburg,TX,78542,,False,no_website,https://maps.google.com/?cid=4560580631061829578&g_mp=Cidnb29nbGUubWFwcy5wbGFjZXMudjEuUGxhY2VzLlNlYXJjaFRleHQQAhgEIAA,OPERATIONAL,google_places,Edinburg,plumber in Edinburg Texas,,,,,,,False,,,
Montez Plumbing LLC,montez-plumbing-llc-edinburg,(956) 451-5050,"2418 E Steel Ave, Edinburg, TX 78542",Edinburg,TX,78542,,False,no_website,https://maps.google.com/?cid=1320552858252733616&g_mp=Cidnb29nbGUubWFwcy5wbGFjZXMudjEuUGxhY2VzLlNlYXJjaFRleHQQAhgEIAA,OPERATIONAL,google_places,Edinburg,plumber in Edinburg Texas,,,,,,,False,,,
Conroe Premier Plumbing,conroe-premier-plumbing-conroe,(254) 360-9897,"310 Metcalf St, Conroe, TX 77301",Conroe,TX,77301,https://nuvonrepairhub.com/,False,website_url_not_reachable,https://maps.google.com/?cid=5949441120470236642&g_mp=Cidnb29nbGUubWFwcy5wbGFjZXMudjEuUGxhY2VzLlNlYXJjaFRleHQQAhgEIAA,OPERATIONAL,google_places,Conroe,plumber in Conroe Texas,,,,,,,False,,,
Derek & Sons Plumbing LLC,derek-sons-plumbing-llc-montgomery,(936) 213-6583,"3636 Honea Egypt Rd #7630, Montgomery, TX 77316",Montgomery,TX,77316,,False,no_website,https://maps.google.com/?cid=5891860730317913416&g_mp=Cidnb29nbGUubWFwcy5wbGFjZXMudjEuUGxhY2VzLlNlYXJjaFRleHQQAhgEIAA,OPERATIONAL,google_places,Conroe,plumber in Conroe Texas,,,,,,,False,,,
Swinner Plumbing,swinner-plumbing-conroe,(936) 672-1360,"805 Toby Ln, Conroe, TX 77301",Conroe,TX,77301,,False,no_website,https://maps.google.com/?cid=12228787283161154498&g_mp=Cidnb29nbGUubWFwcy5wbGFjZXMudjEuUGxhY2VzLlNlYXJjaFRleHQQAhgEIAA,OPERATIONAL,google_places,Conroe,plumbing company Conroe Texas,,,,,,,False,,,
Spencer's Plumbing,spencer-s-plumbing-san-angelo,(325) 656-8284,"5556 N US Hwy 87, San Angelo, TX 76901",San Angelo,TX,76901,,False,no_website,https://maps.google.com/?cid=1185896597134669162&g_mp=Cidnb29nbGUubWFwcy5wbGFjZXMudjEuUGxhY2VzLlNlYXJjaFRleHQQAhgEIAA,OPERATIONAL,google_places,San Angelo,plumber in San Angelo Texas,,,,,,,False,,,
Diamond H Plumbing,diamond-h-plumbing-san-angelo,(325) 947-2812,"3102 Rock Brook Dr, San Angelo, TX 76904",San Angelo,TX,76904,,False,no_website,https://maps.google.com/?cid=16183965472206076635&g_mp=Cidnb29nbGUubWFwcy5wbGFjZXMudjEuUGxhY2VzLlNlYXJjaFRleHQQAhgEIAA,OPERATIONAL,google_places,San Angelo,plumber in San Angelo Texas,,,,,,,False,,,
Complete Plumbing Repair San Angelo,complete-plumbing-repair-san-angelo-san-angelo,(325) 221-4535,"15 E Ave A, San Angelo, TX 76903",San Angelo,TX,76903,,False,no_website,https://maps.google.com/?cid=2609843366428859459&g_mp=Cidnb29nbGUubWFwcy5wbGFjZXMudjEuUGxhY2VzLlNlYXJjaFRleHQQAhgEIAA,OPERATIONAL,google_places,San Angelo,plumbing company San Angelo Texas,,,,,,,False,,,
Baros Plumbing,baros-plumbing-san-angelo,(325) 659-1669,"928 E 21st St, San Angelo, TX 76903",San Angelo,TX,76903,,False,no_website,https://maps.google.com/?cid=6158597814553213303&g_mp=Cidnb29nbGUubWFwcy5wbGFjZXMudjEuUGxhY2VzLlNlYXJjaFRleHQQAhgEIAA,OPERATIONAL,google_places,San Angelo,plumbing company San Angelo Texas,,,,,,,False,,,
"Connally Plumbing, Inc.",connally-plumbing-inc-new-braunfels,(830) 837-5663,"903 Landa St, New Braunfels, TX 78130",New Braunfels,TX,78130,https://www.connallyplumbing.com/,False,website_url_not_reachable,https://maps.google.com/?cid=14755969044811305748&g_mp=Cidnb29nbGUubWFwcy5wbGFjZXMudjEuUGxhY2VzLlNlYXJjaFRleHQQAhgEIAA,OPERATIONAL,google_places,New Braunfels,plumber in New Braunfels Texas,,,,,,,False,,,
New Braunfels Plumbing Experts,new-braunfels-plumbing-experts-new-braunfels,(512) 616-2661,"279 Creekside Way, New Braunfels, TX 78130",New Braunfels,TX,78130,http://newbraunfelsplumbingexperts.com/,False,website_url_not_reachable,https://maps.google.com/?cid=7679069140787378345&g_mp=Cidnb29nbGUubWFwcy5wbGFjZXMudjEuUGxhY2VzLlNlYXJjaFRleHQQAhgEIAA,OPERATIONAL,google_places,New Braunfels,plumber in New Braunfels Texas,,,,,,,False,,,
New Braunfels Plumbing Co,new-braunfels-plumbing-co-new-braunfels,(830) 460-5221,"112 Jacks Ln, New Braunfels, TX 78130",New Braunfels,TX,78130,,False,no_website,https://maps.google.com/?cid=4133412176812311662&g_mp=Cidnb29nbGUubWFwcy5wbGFjZXMudjEuUGxhY2VzLlNlYXJjaFRleHQQAhgEIAA,OPERATIONAL,google_places,New Braunfels,plumber in New Braunfels Texas,,,,,,,False,,,
Terry Family Plumbing,terry-family-plumbing-new-braunfels,(253) 201-8200,"7765 FM482 #4500, New Braunfels, TX 78132",New Braunfels,TX,78132,,False,no_website,https://maps.google.com/?cid=10415949318140725944&g_mp=Cidnb29nbGUubWFwcy5wbGFjZXMudjEuUGxhY2VzLlNlYXJjaFRleHQQAhgEIAA,OPERATIONAL,google_places,New Braunfels,plumber in New Braunfels Texas,,,,,,,False,,,
Plumbing Matters,plumbing-matters-new-braunfels,(830) 708-0541,"232 Trade Center Dr, New Braunfels, TX 78130",New Braunfels,TX,78130,,False,no_website,https://maps.google.com/?cid=8974864413104208526&g_mp=Cidnb29nbGUubWFwcy5wbGFjZXMudjEuUGxhY2VzLlNlYXJjaFRleHQQAhgEIAA,OPERATIONAL,google_places,New Braunfels,plumber in New Braunfels Texas,,,,,,,False,,,
Ready Plumber Temple TX,ready-plumber-temple-tx-temple,(254) 239-0461,"7450 Honeysuckle, Temple, TX 76502",Temple,TX,76502,,False,no_website,https://maps.google.com/?cid=8350116523407283302&g_mp=Cidnb29nbGUubWFwcy5wbGFjZXMudjEuUGxhY2VzLlNlYXJjaFRleHQQAhgEIAA,OPERATIONAL,google_places,Temple,plumber in Temple Texas,,,,,,,False,,,
Academy Plumbing Co,academy-plumbing-co-temple,(254) 982-4972,"11035 Burgess Rd, Temple, TX 76501",Temple,TX,76501,,False,no_website,https://maps.google.com/?cid=220440317028718337&g_mp=Cidnb29nbGUubWFwcy5wbGFjZXMudjEuUGxhY2VzLlNlYXJjaFRleHQQAhgEIAA,OPERATIONAL,google_places,Temple,plumber in Temple Texas,,,,,,,False,,,
Gann Heating-Air & Plumbing,gann-heating-air-plumbing-temple,(254) 493-0737,"5716 Heidenheimer Rd, Temple, TX 76501",Temple,TX,76501,,False,no_website,https://maps.google.com/?cid=9117651483086685941&g_mp=Cidnb29nbGUubWFwcy5wbGFjZXMudjEuUGxhY2VzLlNlYXJjaFRleHQQAhgEIAA,OPERATIONAL,google_places,Temple,plumber in Temple Texas,,,,,,,False,,,
Guerra Plumbing,guerra-plumbing-temple,(254) 771-3576,"520 W Avenue G, Temple, TX 76504",Temple,TX,76504,,False,no_website,https://maps.google.com/?cid=7991431776725956020&g_mp=Cidnb29nbGUubWFwcy5wbGFjZXMudjEuUGxhY2VzLlNlYXJjaFRleHQQAhgEIAA,OPERATIONAL,google_places,Temple,plumber in Temple Texas,,,,,,,False,,,
MIKE'S PLUMBING,mike-s-plumbing-little-river-academy,(254) 231-8101,"606 Arbor Cove, Little River-Academy, TX 76554",Little River-Academy,TX,76554,,False,no_website,https://maps.google.com/?cid=15638956581714222699&g_mp=Cidnb29nbGUubWFwcy5wbGFjZXMudjEuUGxhY2VzLlNlYXJjaFRleHQQAhgEIAA,OPERATIONAL,google_places,Temple,plumbing company Temple Texas,,,,,,,False,,,
Luca's Plumbing,luca-s-plumbing-longview,(903) 364-3997,"117 E Hoyt Dr #8100, Longview, TX 75601",Longview,TX,75601,,False,no_website,https://maps.google.com/?cid=12514724178786639132&g_mp=Cidnb29nbGUubWFwcy5wbGFjZXMudjEuUGxhY2VzLlNlYXJjaFRleHQQAhgEIAA,OPERATIONAL,google_places,Longview,plumber in Longview Texas,,,,,,,False,,,
Next Plumbing & Heating,next-plumbing-heating-longview,(903) 608-6628,"911 W Loop 281 #411, Longview, TX 75605",Longview,TX,75605,,False,no_website,https://maps.google.com/?cid=260123327901811949&g_mp=Cidnb29nbGUubWFwcy5wbGFjZXMudjEuUGxhY2VzLlNlYXJjaFRleHQQAhgEIAA,OPERATIONAL,google_places,Longview,plumber in Longview Texas,,,,,,,False,,,
"Napps Cooling, Heating & Plumbing",napps-cooling-heating-plumbing-longview,(903) 686-1289,"1003 W Cotton St, Longview, TX 75604",Longview,TX,75604,https://nappsac.com/?utm_medium=organic&utm_source=google&utm_campaign=gbp,False,website_url_not_reachable,https://maps.google.com/?cid=4112343572198055603&g_mp=Cidnb29nbGUubWFwcy5wbGFjZXMudjEuUGxhY2VzLlNlYXJjaFRleHQQAhgEIAA,OPERATIONAL,google_places,Longview,plumber in Longview Texas,,,,,,,False,,,
Diversified Plumbing,diversified-plumbing-longview,(903) 261-5065,"2906 Red Gum Gap St, Longview, TX 75605",Longview,TX,75605,https://www.facebook.com/Diversified-Plumbing-389519314408376/,False,social_or_directory_only,https://maps.google.com/?cid=4249859827961655300&g_mp=Cidnb29nbGUubWFwcy5wbGFjZXMudjEuUGxhY2VzLlNlYXJjaFRleHQQAhgEIAA,OPERATIONAL,google_places,Longview,plumber in Longview Texas,,,,,,,False,,,
MVP Plumbing LLC,mvp-plumbing-llc-baytown,(832) 334-2836,"MVP PLUMBING LLC, 8015 Sugar Cane Dr, Baytown, TX 77523",Baytown,TX,77523,https://mvpplumbingllc.com/,False,website_url_not_reachable,https://maps.google.com/?cid=5864699292365475638&g_mp=Cidnb29nbGUubWFwcy5wbGFjZXMudjEuUGxhY2VzLlNlYXJjaFRleHQQAhgEIAA,OPERATIONAL,google_places,Baytown,plumber in Baytown Texas,,,,,,,False,,,
Young Plumbing & Heating,young-plumbing-heating-baytown,(281) 427-7401,"301 N Commerce St, Baytown, TX 77520",Baytown,TX,77520,http://www.youngplumbingcompany.com/,False,website_url_not_reachable,https://maps.google.com/?cid=13743333230232414262&g_mp=Cidnb29nbGUubWFwcy5wbGFjZXMudjEuUGxhY2VzLlNlYXJjaFRleHQQAhgEIAA,OPERATIONAL,google_places,Baytown,plumber in Baytown Texas,,,,,,,False,,,
Speedway Plumbing Missouri City,speedway-plumbing-missouri-city-missouri-city,(713) 481-6988,"4755 Hwy 6, Missouri City, TX 77459",Missouri City,TX,77459,https://speedwayplumbingtexas.com/missouri-city/,False,website_url_not_reachable,https://maps.google.com/?cid=14917744287223061592&g_mp=Cidnb29nbGUubWFwcy5wbGFjZXMudjEuUGxhY2VzLlNlYXJjaFRleHQQAhgEIAA,OPERATIONAL,google_places,Missouri City,plumber in Missouri City Texas,,,,,,,False,,,
Speedway Plumbing 24 Hour Plumber,speedway-plumbing-24-hour-plumber-houston,(713) 597-3649,"7702 Braesridge Ct, Houston, TX 77071",Houston,TX,77071,https://missouri-city.speedwayplumbingtexas.com/,False,website_url_not_reachable,https://maps.google.com/?cid=6112104771650153557&g_mp=Cidnb29nbGUubWFwcy5wbGFjZXMudjEuUGxhY2VzLlNlYXJjaFRleHQQAhgEIAA,OPERATIONAL,google_places,Missouri City,plumber in Missouri City Texas,,,,,,,False,,,
Hungen Plumbing Co.,hungen-plumbing-co-missouri-city,(281) 709-2705,"3552 FM3345, Missouri City, TX 77459",Missouri City,TX,77459,,False,no_website,https://maps.google.com/?cid=15964354521444357406&g_mp=Cidnb29nbGUubWFwcy5wbGFjZXMudjEuUGxhY2VzLlNlYXJjaFRleHQQAhgEIAA,OPERATIONAL,google_places,Missouri City,plumber in Missouri City Texas,,,,,,,False,,,
Gladstone Plumbing Co,gladstone-plumbing-co-missouri-city,(281) 823-7983,"13840 Pike Rd, Missouri City, TX 77489",Missouri City,TX,77489,,False,no_website,https://maps.google.com/?cid=14480112602055943877&g_mp=Cidnb29nbGUubWFwcy5wbGFjZXMudjEuUGxhY2VzLlNlYXJjaFRleHQQAhgEIAA,OPERATIONAL,google_places,Missouri City,plumber in Missouri City Texas,,,,,,,False,,,
Layne Plumbing Co,layne-plumbing-co-missouri-city,(281) 499-3122,"3426 Havershire Dr, Missouri City, TX 77459",Missouri City,TX,77459,,False,no_website,https://maps.google.com/?cid=3199228228902696577&g_mp=Cidnb29nbGUubWFwcy5wbGFjZXMudjEuUGxhY2VzLlNlYXJjaFRleHQQAhgEIAA,OPERATIONAL,google_places,Missouri City,plumber in Missouri City Texas,,,,,,,False,,,
"CMP Plumbing, LLC",cmp-plumbing-llc-houston,(713) 571-2474,"5803 Brookfield Dr, Houston, TX 77085",Houston,TX,77085,http://cmpplumbingllc.com/?y_source=1_NTU3NTQyNDQtNzE1LWxvY2F0aW9uLndlYnNpdGU%3D,False,website_url_not_reachable,https://maps.google.com/?cid=16408601579525909977&g_mp=Cidnb29nbGUubWFwcy5wbGFjZXMudjEuUGxhY2VzLlNlYXJjaFRleHQQAhgEIAA,OPERATIONAL,google_places,Missouri City,plumber in Missouri City Texas,,,,,,,False,,,
Carl & Sons Plumbing Co,carl-sons-plumbing-co-stafford,(281) 767-8553,"13701 Stafford Point Dr #1282, Stafford, TX 77477",Stafford,TX,77477,,False,no_website,https://maps.google.com/?cid=16419057056125562963&g_mp=Cidnb29nbGUubWFwcy5wbGFjZXMudjEuUGxhY2VzLlNlYXJjaFRleHQQAhgEIAA,OPERATIONAL,google_places,Missouri City,plumbing company Missouri City Texas,,,,,,,False,,,
RHD Primary Plumbing LLC,rhd-primary-plumbing-llc-lewisville,(214) 714-1041,"1501 Glencairn Ln, Lewisville, TX 75067",Lewisville,TX,75067,http://www.rhdprimaryplumbing.com/,False,website_url_not_reachable,https://maps.google.com/?cid=17864875769822967146&g_mp=Cidnb29nbGUubWFwcy5wbGFjZXMudjEuUGxhY2VzLlNlYXJjaFRleHQQAhgEIAA,OPERATIONAL,google_places,Flower Mound,plumber in Flower Mound Texas,,,,,,,False,,,
Carlos Losoya Plumbing & Sewer Ln,carlos-losoya-plumbing-sewer-ln-pharr,(956) 638-7928,"1004 W Minnesota Rd, Pharr, TX 78577",Pharr,TX,78577,,False,no_website,https://maps.google.com/?cid=5544582718871641699&g_mp=Cidnb29nbGUubWFwcy5wbGFjZXMudjEuUGxhY2VzLlNlYXJjaFRleHQQAhgEIAA,OPERATIONAL,google_places,Pharr,plumber in Pharr Texas,,,,,,,False,,,
Public Plumbing Service,public-plumbing-service-pharr,(956) 702-2825,"227 W Ruisenor Ave, Pharr, TX 78577",Pharr,TX,78577,,False,no_website,https://maps.google.com/?cid=17008287070377552826&g_mp=Cidnb29nbGUubWFwcy5wbGFjZXMudjEuUGxhY2VzLlNlYXJjaFRleHQQAhgEIAA,OPERATIONAL,google_places,Pharr,plumber in Pharr Texas,,,,,,,False,,,
Ace Electric Construction and plumbing 24 hour emergency service calls,ace-electric-construction-and-plumbing-24-hour-emergency-ser,(956) 783-4601,"406 S Cage Blvd, Pharr, TX 78577",Pharr,TX,78577,,False,no_website,https://maps.google.com/?cid=17286864764242765029&g_mp=Cidnb29nbGUubWFwcy5wbGFjZXMudjEuUGxhY2VzLlNlYXJjaFRleHQQAhgEIAA,OPERATIONAL,google_places,Pharr,plumber in Pharr Texas,,,,,,,False,,,
B Garza Plumbing,b-garza-plumbing-mcallen,(956) 682-3989,"4603 N Jackson Rd, McAllen, TX 78504",McAllen,TX,78504,,False,no_website,https://maps.google.com/?cid=9621597153215870249&g_mp=Cidnb29nbGUubWFwcy5wbGFjZXMudjEuUGxhY2VzLlNlYXJjaFRleHQQAhgEIAA,OPERATIONAL,google_places,Pharr,plumber in Pharr Texas,,,,,,,False,,,
Central Showrooms,central-showrooms-pharr,(956) 782-0080,"706 W Ferguson Ave, Pharr, TX 78577",Pharr,TX,78577,http://www.plumbingandelectric.com/,False,website_url_not_reachable,https://maps.google.com/?cid=17258331622994072522&g_mp=Cidnb29nbGUubWFwcy5wbGFjZXMudjEuUGxhY2VzLlNlYXJjaFRleHQQAhgEIAA,OPERATIONAL,google_places,Pharr,plumber in Pharr Texas,,,,,,,False,,,
Elizondo Plumbing Inc,elizondo-plumbing-inc-mission,(956) 581-8071,"503 W Griffin Pkwy, Mission, TX 78572",Mission,TX,78572,,False,no_website,https://maps.google.com/?cid=3583083274933735375&g_mp=Cidnb29nbGUubWFwcy5wbGFjZXMudjEuUGxhY2VzLlNlYXJjaFRleHQQAhgEIAA,OPERATIONAL,google_places,Pharr,plumber in Pharr Texas,,,,,,,False,,,
Roman's Plumbing,roman-s-plumbing-harlingen,(956) 423-1208,"513 E Jackson Ave #224, Harlingen, TX 78550",Harlingen,TX,78550,,False,no_website,https://maps.google.com/?cid=213268176231771193&g_mp=Cidnb29nbGUubWFwcy5wbGFjZXMudjEuUGxhY2VzLlNlYXJjaFRleHQQAhgEIAA,OPERATIONAL,google_places,Harlingen,plumber in Harlingen Texas,,,,,,,False,,,
Rick's Plumbing,rick-s-plumbing-harlingen,(956) 428-0756,"102 E Filmore Ave, Harlingen, TX 78550",Harlingen,TX,78550,,False,no_website,https://maps.google.com/?cid=9429512283924767065&g_mp=Cidnb29nbGUubWFwcy5wbGFjZXMudjEuUGxhY2VzLlNlYXJjaFRleHQQAhgEIAA,OPERATIONAL,google_places,Harlingen,plumber in Harlingen Texas,,,,,,,False,,,
Allstar Plumbing,allstar-plumbing-harlingen,(956) 425-7378,"4901 E Grimes St, Harlingen, TX 78550",Harlingen,TX,78550,,False,no_website,https://maps.google.com/?cid=12037769831914815013&g_mp=Cidnb29nbGUubWFwcy5wbGFjZXMudjEuUGxhY2VzLlNlYXJjaFRleHQQAhgEIAA,OPERATIONAL,google_places,Harlingen,plumber in Harlingen Texas,,,,,,,False,,,
Asbury's Master Plumbing Inc,asbury-s-master-plumbing-inc-harlingen,(956) 440-8026,"401 E Van Buren Ave, Harlingen, TX 78550",Harlingen,TX,78550,,False,no_website,https://maps.google.com/?cid=1466477531065204&g_mp=Cidnb29nbGUubWFwcy5wbGFjZXMudjEuUGxhY2VzLlNlYXJjaFRleHQQAhgEIAA,OPERATIONAL,google_places,Harlingen,plumber in Harlingen Texas,,,,,,,False,,,
Central Showrooms,central-showrooms-harlingen,(956) 423-6387,"1710 E Tyler Ave, Harlingen, TX 78550",Harlingen,TX,78550,http://www.plumbingandelectric.com/,False,website_url_not_reachable,https://maps.google.com/?cid=13097468304055799814&g_mp=Cidnb29nbGUubWFwcy5wbGFjZXMudjEuUGxhY2VzLlNlYXJjaFRleHQQAhgEIAA,OPERATIONAL,google_places,Harlingen,plumbing company Harlingen Texas,,,,,,,False,,,
Anytime Plumbing Co,anytime-plumbing-co-victoria,(361) 575-3700,"1914 1399 McCoy Rd, Victoria, TX 77905",Victoria,TX,77905,,False,no_website,https://maps.google.com/?cid=13094867310873319319&g_mp=Cidnb29nbGUubWFwcy5wbGFjZXMudjEuUGxhY2VzLlNlYXJjaFRleHQQAhgEIAA,OPERATIONAL,google_places,Victoria,plumber in Victoria Texas,,,,,,,False,,,
L & M Plumbing,l-m-plumbing-victoria,(361) 578-1638,"801 Pecan St A, Victoria, TX 77901",Victoria,TX,77901,,False,no_website,https://maps.google.com/?cid=17453298735215349426&g_mp=Cidnb29nbGUubWFwcy5wbGFjZXMudjEuUGxhY2VzLlNlYXJjaFRleHQQAhgEIAA,OPERATIONAL,google_places,Victoria,plumber in Victoria Texas,,,,,,,False,,,
Gulf Coast Plumbing,gulf-coast-plumbing-victoria,(361) 578-6134,"1608 Dudley St, Victoria, TX 77901",Victoria,TX,77901,,False,no_website,https://maps.google.com/?cid=14856937064513311688&g_mp=Cidnb29nbGUubWFwcy5wbGFjZXMudjEuUGxhY2VzLlNlYXJjaFRleHQQAhgEIAA,OPERATIONAL,google_places,Victoria,plumber in Victoria Texas,,,,,,,False,,,
G W Wheeler & Sons Plumbers,g-w-wheeler-sons-plumbers-victoria,(361) 578-3639,"504 E Santa Rosa St, Victoria, TX 77901",Victoria,TX,77901,,False,no_website,https://maps.google.com/?cid=15866184764909859050&g_mp=Cidnb29nbGUubWFwcy5wbGFjZXMudjEuUGxhY2VzLlNlYXJjaFRleHQQAhgEIAA,OPERATIONAL,google_places,Victoria,plumber in Victoria Texas,,,,,,,False,,,
Stevens Plumbing Co,stevens-plumbing-co-yoakum,(361) 293-5171,"510 Cecilia St, Yoakum, TX 77995",Yoakum,TX,77995,,False,no_website,https://maps.google.com/?cid=4063968434436738831&g_mp=Cidnb29nbGUubWFwcy5wbGFjZXMudjEuUGxhY2VzLlNlYXJjaFRleHQQAhgEIAA,OPERATIONAL,google_places,Victoria,plumber in Victoria Texas,,,,,,,False,,,
Stevens Plumbing & Repair,stevens-plumbing-repair-inez,(361) 575-3207,"145 Wigington Ln, Inez, TX 77968",Inez,TX,77968,,False,no_website,https://maps.google.com/?cid=502558499695406966&g_mp=Cidnb29nbGUubWFwcy5wbGFjZXMudjEuUGxhY2VzLlNlYXJjaFRleHQQAhgEIAA,OPERATIONAL,google_places,Victoria,plumber in Victoria Texas,,,,,,,False,,,
Reliable Plumbing & Heating,reliable-plumbing-heating-victoria,(361) 202-9260,"1501 E Mockingbird Ln #341, Victoria, TX 77904",Victoria,TX,77904,http://reliableheatingandplumbing.com/victoria-tx/,False,website_url_not_reachable,https://maps.google.com/?cid=8730906180564392647&g_mp=Cidnb29nbGUubWFwcy5wbGFjZXMudjEuUGxhY2VzLlNlYXJjaFRleHQQAhgEIAA,OPERATIONAL,google_places,Victoria,plumber in Victoria Texas,,,,,,,False,,,
OnePump Septic Services,onepump-septic-services-victoria,(361) 212-2245,"1703 Boehm Rd, Victoria, TX 77905",Victoria,TX,77905,,False,no_website,https://maps.google.com/?cid=4762710481981208232&g_mp=Cidnb29nbGUubWFwcy5wbGFjZXMudjEuUGxhY2VzLlNlYXJjaFRleHQQAhgEIAA,OPERATIONAL,google_places,Victoria,plumber in Victoria Texas,,,,,,,False,,,
Justin Heating & Air Conditioning Victoria,justin-heating-air-conditioning-victoria-victoria,(361) 282-7532,"636 Locust Ave, Victoria, TX 77901",Victoria,TX,77901,,False,no_website,https://maps.google.com/?cid=12486501475127397843&g_mp=Cidnb29nbGUubWFwcy5wbGFjZXMudjEuUGxhY2VzLlNlYXJjaFRleHQQAhgEIAA,OPERATIONAL,google_places,Victoria,plumber in Victoria Texas,,,,,,,False,,,
Lee Whiteaker Plumbing,lee-whiteaker-plumbing-georgetown,(512) 869-4828,"2100 Co Rd 152, Georgetown, TX 78626",Georgetown,TX,78626,,False,no_website,https://maps.google.com/?cid=17233611799060771758&g_mp=Cidnb29nbGUubWFwcy5wbGFjZXMudjEuUGxhY2VzLlNlYXJjaFRleHQQAhgEIAA,OPERATIONAL,google_places,Georgetown,plumber in Georgetown Texas,,,,,,,False,,,
Apple Plumbing Georgetown,apple-plumbing-georgetown-georgetown,(737) 520-3433,"2995 Williams Dr, Georgetown, TX 78628",Georgetown,TX,78628,https://highpoint-plumbing.com/,False,website_url_not_reachable,https://maps.google.com/?cid=9401183906468022043&g_mp=Cidnb29nbGUubWFwcy5wbGFjZXMudjEuUGxhY2VzLlNlYXJjaFRleHQQAhgEIAA,OPERATIONAL,google_places,Georgetown,plumber in Georgetown Texas,,,,,,,False,,,
Walker Plumbing Co Inc,walker-plumbing-co-inc-georgetown,(512) 863-0469,"375 Green Acres, Georgetown, TX 78626",Georgetown,TX,78626,,False,no_website,https://maps.google.com/?cid=11519719420866197317&g_mp=Cidnb29nbGUubWFwcy5wbGFjZXMudjEuUGxhY2VzLlNlYXJjaFRleHQQAhgEIAA,OPERATIONAL,google_places,Georgetown,plumber in Georgetown Texas,,,,,,,False,,,
Brown Plumbing Co.,brown-plumbing-co-georgetown,(737) 383-2273,"205 E University Ave #171, Georgetown, TX 78626",Georgetown,TX,78626,https://brownplumbingcoinc.com/,False,website_url_not_reachable,https://maps.google.com/?cid=9721853059397096413&g_mp=Cidnb29nbGUubWFwcy5wbGFjZXMudjEuUGxhY2VzLlNlYXJjaFRleHQQAhgEIAA,OPERATIONAL,google_places,Georgetown,plumbing company Georgetown Texas,,,,,,,False,,,
Advanced Aqua Plumbing LLC,advanced-aqua-plumbing-llc-mansfield,(817) 453-9550,"1285 N Main St #302, Mansfield, TX 76063",Mansfield,TX,76063,,False,no_website,https://maps.google.com/?cid=6241511837768069097&g_mp=Cidnb29nbGUubWFwcy5wbGFjZXMudjEuUGxhY2VzLlNlYXJjaFRleHQQAhgEIAA,OPERATIONAL,google_places,Mansfield,plumber in Mansfield Texas,,,,,,,False,,,
"Fairway Plumbing, LLC",fairway-plumbing-llc-cedar-park,(512) 278-1626,"1320 Arrow Point Dr Surambirite 501 #TW137, Cedar Park, TX 78613",Cedar Park,TX,78613,https://www.fairwayplumbing.net/,False,website_url_not_reachable,https://maps.google.com/?cid=3082836239406642040&g_mp=Cidnb29nbGUubWFwcy5wbGFjZXMudjEuUGxhY2VzLlNlYXJjaFRleHQQAhgEIAA,OPERATIONAL,google_places,Cedar Park,plumber in Cedar Park Texas,,,,,,,False,,,
Plumb Doctors Inc.,plumb-doctors-inc-leander,(512) 960-0044,"1519 Dillon Lake Bend, Leander, TX 78641",Leander,TX,78641,https://www.facebook.com/share/1CEr9xiiFV/,False,social_or_directory_only,https://maps.google.com/?cid=7927919975739228190&g_mp=Cidnb29nbGUubWFwcy5wbGFjZXMudjEuUGxhY2VzLlNlYXJjaFRleHQQAhgEIAA,OPERATIONAL,google_places,Cedar Park,plumber in Cedar Park Texas,,,,,,,False,,,
Real Texas Plumbing - Heating and Air,real-texas-plumbing-heating-and-air-lago-vista,(512) 662-2949,"20811 Dawn Dr Unit #706, Lago Vista, TX 78645",Lago Vista,TX,78645,https://realtexasplumbing.com/,False,website_url_not_reachable,https://maps.google.com/?cid=2461857046366876050&g_mp=Cidnb29nbGUubWFwcy5wbGFjZXMudjEuUGxhY2VzLlNlYXJjaFRleHQQAhgEIAA,OPERATIONAL,google_places,Cedar Park,plumber in Cedar Park Texas,,,,,,,False,,,
Schrade Plumbing INC,schrade-plumbing-inc-rowlett,(972) 475-3532,"5013 Industrial St, Rowlett, TX 75088",Rowlett,TX,75088,,False,no_website,https://maps.google.com/?cid=10369113794725045622&g_mp=Cidnb29nbGUubWFwcy5wbGFjZXMudjEuUGxhY2VzLlNlYXJjaFRleHQQAhgEIAA,OPERATIONAL,google_places,Rowlett,plumber in Rowlett Texas,,,,,,,False,,,
Nguyen Brothers Plumbing & Water Heaters Company,nguyen-brothers-plumbing-water-heaters-company-port-arthur,(409) 405-4739,"4545 TX-73 #3880, Port Arthur, TX 77642",Port Arthur,TX,77642,,False,no_website,https://maps.google.com/?cid=11610129210134570516&g_mp=Cidnb29nbGUubWFwcy5wbGFjZXMudjEuUGxhY2VzLlNlYXJjaFRleHQQAhgEIAA,OPERATIONAL,google_places,Port Arthur,plumber in Port Arthur Texas,,,,,,,False,,,
Mid County Plumbing LLC,mid-county-plumbing-llc-nederland,(409) 727-6833,"2222 Spurlock Rd, Nederland, TX 77627",Nederland,TX,77627,https://www.midcountyplumbing.com/,False,website_url_not_reachable,https://maps.google.com/?cid=18243001718950477821&g_mp=Cidnb29nbGUubWFwcy5wbGFjZXMudjEuUGxhY2VzLlNlYXJjaFRleHQQAhgEIAA,OPERATIONAL,google_places,Port Arthur,plumber in Port Arthur Texas,,,,,,,False,,,
"Impact Plumbing, LLC",impact-plumbing-llc-groves,(409) 962-5547,"3944 Main Ave, Groves, TX 77619",Groves,TX,77619,https://www.impactplumbingllc.com/?utm_source=GMB&utm_medium=organic&utm_campaign=beaumont,False,website_url_not_reachable,https://maps.google.com/?cid=5088829888315323150&g_mp=Cidnb29nbGUubWFwcy5wbGFjZXMudjEuUGxhY2VzLlNlYXJjaFRleHQQAhgEIAA,OPERATIONAL,google_places,Port Arthur,plumber in Port Arthur Texas,,,,,,,False,,,
Gulf Coast Plumbing,gulf-coast-plumbing-nederland,(409) 549-1770,"3511 N Twin City Hwy, Nederland, TX 77627",Nederland,TX,77627,http://www.gulf-coastplumbing.com/,False,website_url_not_reachable,https://maps.google.com/?cid=12601410991131750212&g_mp=Cidnb29nbGUubWFwcy5wbGFjZXMudjEuUGxhY2VzLlNlYXJjaFRleHQQAhgEIAA,OPERATIONAL,google_places,Port Arthur,plumber in Port Arthur Texas,,,,,,,False,,,
"M2 Plumbing & Drains, LLC",m2-plumbing-drains-llc-hurst,(817) 528-9827,"10706 S Pipeline Rd #120, Hurst, TX 76053",Hurst,TX,76053,http://monroeoncall.com/,False,website_url_not_reachable,https://maps.google.com/?cid=11839391259765191226&g_mp=Cidnb29nbGUubWFwcy5wbGFjZXMudjEuUGxhY2VzLlNlYXJjaFRleHQQAhgEIAA,OPERATIONAL,google_places,Euless,plumber in Euless Texas,,,,,,,False,,,
Speedy Local Plumbing LLC,speedy-local-plumbing-llc-euless,(817) 383-8135,"700 N Industrial Blvd #931, Euless, TX 76039",Euless,TX,76039,,False,no_website,https://maps.google.com/?cid=7191291953676249784&g_mp=Cidnb29nbGUubWFwcy5wbGFjZXMudjEuUGxhY2VzLlNlYXJjaFRleHQQAhgEIAA,OPERATIONAL,google_places,Euless,plumber in Euless Texas,,,,,,,False,,,
