name,slug,industry,address,city,phone,website_listed,no_website_reason,source,status,verification_status,verification_notes,google_maps_url,google_website,google_phone,google_address,trade,region,web_search_website,web_search_confidence
24/7 Plumbers and Rooters Inc,24-7-plumbers-and-rooters-inc-glendale,home_services,"2536 St Andrews Dr, Glendale, CA 91206",Glendale,(747) 335-0901,,no_website_listed,google_places,approved,approved,Google Places: no website listed,https://maps.google.com/?cid=5676982852459525118&g_mp=Cidnb29nbGUubWFwcy5wbGFjZXMudjEuUGxhY2VzLlNlYXJjaFRleHQQAhgEIAA,,(747) 335-0901,"2536 St Andrews Dr, Glendale, CA 91206",plumber,socal,,google
24/7 Pro-Rooter/Plumbing,24-7-pro-rooter-plumbing-compton,home_services,"13008 S Harris Ave, Compton, CA 90221",Compton,(310) 346-0898,,no_website_listed,google_places,approved,approved,Google Places: no website listed,https://maps.google.com/?cid=14933983391549518054&g_mp=Cidnb29nbGUubWFwcy5wbGFjZXMudjEuUGxhY2VzLlNlYXJjaFRleHQQAhgEIAA,,(310) 346-0898,"13008 S Harris Ave, Compton, CA 90221",plumber,socal,,google
626 Plumbing,626-plumbing-covina,home_services,"631 N Charter Dr, Covina, CA 91724",Covina,(626) 626-6971,,no_website_listed,google_places,approved,approved,Google Places: no website listed,https://maps.google.com/?cid=7233580958261275406&g_mp=Cidnb29nbGUubWFwcy5wbGFjZXMudjEuUGxhY2VzLlNlYXJjaFRleHQQAhgEIAA,,(626) 626-6971,"631 N Charter Dr, Covina, CA 91724",plumber,socal,,google
911 Plumbing & Drain Rescue Inc.,911-plumbing-drain-rescue-inc-escondido,home_services,"1026 W El Norte Pkwy #42, Escondido, CA 92026",Escondido,(619) 223-0911,https://911plumbingsd.wixsite.com/javiert,social_or_directory_only,google_places,approved,approved,Google website is social/directory only: https://911plumbingsd.wixsite.com/javiert,https://maps.google.com/?cid=13475565938803879051&g_mp=Cidnb29nbGUubWFwcy5wbGFjZXMudjEuUGxhY2VzLlNlYXJjaFRleHQQAhgEIAA,https://911plumbingsd.wixsite.com/javiert,(619) 223-0911,"1026 W El Norte Pkwy #42, Escondido, CA 92026",plumber,socal,https://911plumbingsd.wixsite.com/javiert,google
A & J Plumbing & Water Heater Repair LLC,a-j-plumbing-water-heater-repair-llc-carson,home_services,"17420 Avalon Blvd #579, Carson, CA 90746",Carson,(310) 841-2970,,no_website_listed,google_places,approved,approved,Google Places: no website listed,https://maps.google.com/?cid=12277178054990479477&g_mp=Cidnb29nbGUubWFwcy5wbGFjZXMudjEuUGxhY2VzLlNlYXJjaFRleHQQAhgEIAA,,(310) 841-2970,"17420 Avalon Blvd #579, Carson, CA 90746",plumber,socal,,google
A Plumbing Lake Elsinore Services,a-plumbing-lake-elsinore-services-lake-elsinore,home_services,"16331 Lakeshore Dr #101, Lake Elsinore, CA 92530",Lake Elsinore,(951) 614-2467,,no_website_listed,google_places,approved,approved,Google Places: no website listed,https://maps.google.com/?cid=12298794802946505455&g_mp=Cidnb29nbGUubWFwcy5wbGFjZXMudjEuUGxhY2VzLlNlYXJjaFRleHQQAhgEIAA,,(951) 614-2467,"16331 Lakeshore Dr #101, Lake Elsinore, CA 92530",plumber,socal,,google
A Rivas Plumbing,a-rivas-plumbing-san-clemente,home_services,"63 Via Pico Plaza #220, San Clemente, CA 92672",San Clemente,(949) 498-3727,,no_website_listed,google_places,approved,approved,Google Places: no website listed,https://maps.google.com/?cid=13611502157828996903&g_mp=Cidnb29nbGUubWFwcy5wbGFjZXMudjEuUGxhY2VzLlNlYXJjaFRleHQQAhgEIAA,,(949) 498-3727,"63 Via Pico Plaza #220, San Clemente, CA 92672",plumber,socal,,google
A&B Plumbing,a-b-plumbing-norwalk,home_services,"10913 Hayford St, Norwalk, CA 90650",Norwalk,(562) 278-6801,https://aandbplumbing.godaddysites.com/,social_or_directory_only,google_places,approved,approved,Google website is social/directory only: https://aandbplumbing.godaddysites.com/,https://maps.google.com/?cid=1450523219177210159&g_mp=Cidnb29nbGUubWFwcy5wbGFjZXMudjEuUGxhY2VzLlNlYXJjaFRleHQQAhgEIAA,https://aandbplumbing.godaddysites.com/,(562) 278-6801,"10913 Hayford St, Norwalk, CA 90650",plumber,socal,https://aandbplumbing.godaddysites.com/,google
A-1 Plumbing Sewer & Drain Experts,a-1-plumbing-sewer-drain-experts-el-cajon,home_services,"910 E Chase Ave, El Cajon, CA 92020",El Cajon,(619) 588-8500,,no_website_listed,google_places,approved,approved,Google Places: no website listed,https://maps.google.com/?cid=4482062044799346446&g_mp=Cidnb29nbGUubWFwcy5wbGFjZXMudjEuUGxhY2VzLlNlYXJjaFRleHQQAhgEIAA,,(619) 588-8500,"910 E Chase Ave, El Cajon, CA 92020",plumber,socal,,google
AAA Goforth Plumbing,aaa-goforth-plumbing-ramona,home_services,"640 B St, Ramona, CA 92065",Ramona,(619) 281-3137,,no_website_listed,google_places,approved,approved,Google Places: no website listed,https://maps.google.com/?cid=13962243971470674506&g_mp=Cidnb29nbGUubWFwcy5wbGFjZXMudjEuUGxhY2VzLlNlYXJjaFRleHQQAhgEIAA,,(619) 281-3137,"640 B St, Ramona, CA 92065",plumber,socal,,google
AAA Preferred Plumbing Inc,aaa-preferred-plumbing-inc-culver-city,home_services,"4816 Hollow Corner Rd, Culver City, CA 90230",Culver City,(310) 274-4110,https://www.aaapreferredplumbing.com/,website_url_not_reachable,google_places,rejected,rejected_has_website,Live website found via google: https://www.aaapreferredplumbing.com/. Google Places lists website: https://www.aaapreferredplumbing.com/,https://maps.google.com/?cid=4607313696116500521&g_mp=Cidnb29nbGUubWFwcy5wbGFjZXMudjEuUGxhY2VzLlNlYXJjaFRleHQQAhgEIAA,https://www.aaapreferredplumbing.com/,(310) 274-4110,"4816 Hollow Corner Rd, Culver City, CA 90230",plumber,socal,,google
ALTA Plumbing LLC,alta-plumbing-llc-fullerton,home_services,"2783 Pine Creek Cir, Fullerton, CA 92835",Fullerton,(310) 753-9135,http://altaplumbing.godaddysites.com/,social_or_directory_only,google_places,approved,approved,Google website is social/directory only: http://altaplumbing.godaddysites.com/,https://maps.google.com/?cid=1425665121321887981&g_mp=Cidnb29nbGUubWFwcy5wbGFjZXMudjEuUGxhY2VzLlNlYXJjaFRleHQQAhgEIAA,http://altaplumbing.godaddysites.com/,(310) 753-9135,"2783 Pine Creek Cir, Fullerton, CA 92835",plumber,socal,http://altaplumbing.godaddysites.com/,google
"Absolute Plumbing And Rooting, Inc.",absolute-plumbing-and-rooting-inc-ventura,home_services,"2261 Palma Dr #5, Ventura, CA 93003",Ventura,(805) 223-4502,,no_website_listed,google_places,approved,approved,Google Places: no website listed,https://maps.google.com/?cid=5763336698582015813&g_mp=Cidnb29nbGUubWFwcy5wbGFjZXMudjEuUGxhY2VzLlNlYXJjaFRleHQQAhgEIAA,,(805) 223-4502,"2261 Palma Dr #5, Ventura, CA 93003",plumber,socal,,google
Aliso Viejo Plumbing,aliso-viejo-plumbing-aliso-viejo,home_services,"31 Hawksmoor, Aliso Viejo, CA 92656",Aliso Viejo,(949) 304-5337,,no_website_listed,google_places,approved,approved,Google Places: no website listed,https://maps.google.com/?cid=17789491359051624767&g_mp=Cidnb29nbGUubWFwcy5wbGFjZXMudjEuUGxhY2VzLlNlYXJjaFRleHQQAhgEIAA,,(949) 304-5337,"31 Hawksmoor, Aliso Viejo, CA 92656",plumber,socal,,google
All American Team Inc,all-american-team-inc-temecula,home_services,"43298 Calle Mataro, Temecula, CA 92592",Temecula,(888) 477-2877,,no_website_listed,google_places,approved,approved,Google Places: no website listed,https://maps.google.com/?cid=7127001265408812695&g_mp=Cidnb29nbGUubWFwcy5wbGFjZXMudjEuUGxhY2VzLlNlYXJjaFRleHQQAhgEIAA,,(888) 477-2877,"43298 Calle Mataro, Temecula, CA 92592",plumber,socal,,google
All Clear Covina Plumber,all-clear-covina-plumber-covina,home_services,"305 Orange Blossom Ln, Covina, CA 91723",Covina,(626) 727-8939,,no_website_listed,google_places,approved,approved,Google Places: no website listed,https://maps.google.com/?cid=6128060279114133175&g_mp=Cidnb29nbGUubWFwcy5wbGFjZXMudjEuUGxhY2VzLlNlYXJjaFRleHQQAhgEIAA,,(626) 727-8939,"305 Orange Blossom Ln, Covina, CA 91723",plumber,socal,,google
All Fullerton Plumber & Drain,all-fullerton-plumber-drain-fullerton,home_services,"255 W Orangethorpe Ave #120, Fullerton, CA 92832",Fullerton,(657) 566-7610,,no_website_listed,google_places,approved,approved,Google Places: no website listed,https://maps.google.com/?cid=10023919902300569504&g_mp=Cidnb29nbGUubWFwcy5wbGFjZXMudjEuUGxhY2VzLlNlYXJjaFRleHQQAhgEIAA,,(657) 566-7610,"255 W Orangethorpe Ave #120, Fullerton, CA 92832",plumber,socal,,google
All Plumbing & Drain,all-plumbing-drain-san-juan-capistrano,home_services,"31401 Camino Capistrano #3, San Juan Capistrano, CA 92675",San Juan Capistrano,(949) 761-3101,,no_website_listed,google_places,approved,approved,Google Places: no website listed,https://maps.google.com/?cid=10293887054384597206&g_mp=Cidnb29nbGUubWFwcy5wbGFjZXMudjEuUGxhY2VzLlNlYXJjaFRleHQQAhgEIAA,,(949) 761-3101,"31401 Camino Capistrano #3, San Juan Capistrano, CA 92675",plumber,socal,,google
All Plumbing Fallbrook Services,all-plumbing-fallbrook-services-fallbrook,home_services,"202 W College St #125, Fallbrook, CA 92028",Fallbrook,(442) 444-4006,,no_website_listed,google_places,approved,approved,Google Places: no website listed,https://maps.google.com/?cid=13495578039624178842&g_mp=Cidnb29nbGUubWFwcy5wbGFjZXMudjEuUGxhY2VzLlNlYXJjaFRleHQQAhgEIAA,,(442) 444-4006,"202 W College St #125, Fallbrook, CA 92028",plumber,socal,,google
All Plumbing Whittier Services,all-plumbing-whittier-services-whittier,home_services,"12639 Whittier Blvd #210, Whittier, CA 90602",Whittier,(562) 670-2015,,no_website_listed,google_places,approved,approved,Google Places: no website listed,https://maps.google.com/?cid=1391577520709070881&g_mp=Cidnb29nbGUubWFwcy5wbGFjZXMudjEuUGxhY2VzLlNlYXJjaFRleHQQAhgEIAA,,(562) 670-2015,"12639 Whittier Blvd #210, Whittier, CA 90602",plumber,socal,,google
All Purpose Plumbing,all-purpose-plumbing-redlands,home_services,"1236 N Dearborn St, Redlands, CA 92374",Redlands,(909) 740-4707,https://all-purpose-plumbing.com/,website_url_not_reachable,google_places,rejected,rejected_has_website,Live website found via google: https://all-purpose-plumbing.com/. Google Places lists website: https://all-purpose-plumbing.com/,https://maps.google.com/?cid=4168261990603567962&g_mp=Cidnb29nbGUubWFwcy5wbGFjZXMudjEuUGxhY2VzLlNlYXJjaFRleHQQAhgEIAA,https://all-purpose-plumbing.com/,(909) 740-4707,"1236 N Dearborn St, Redlands, CA 92374",plumber,socal,,google
All Seasons Plumbing,all-seasons-plumbing-no-palm-springs,home_services,"64239 Dillon Rd, NO PALM SPRINGS, CA 92258",NO PALM SPRINGS,(442) 407-0200,,no_website_listed,google_places,approved,approved,Google Places: no website listed,https://maps.google.com/?cid=1841592138371766439&g_mp=Cidnb29nbGUubWFwcy5wbGFjZXMudjEuUGxhY2VzLlNlYXJjaFRleHQQAhgEIAA,,(442) 407-0200,"64239 Dillon Rd, NO PALM SPRINGS, CA 92258",plumber,socal,,google
All Time Plumbing,all-time-plumbing-cathedral-city,home_services,"67761 Rio Vista Dr, Cathedral City, CA 92234",Cathedral City,(760) 905-2265,,no_website_listed,google_places,approved,approved,Google Places: no website listed,https://maps.google.com/?cid=6616319060011346233&g_mp=Cidnb29nbGUubWFwcy5wbGFjZXMudjEuUGxhY2VzLlNlYXJjaFRleHQQAhgEIAA,,(760) 905-2265,"67761 Rio Vista Dr, Cathedral City, CA 92234",plumber,socal,,google
Alpha Plumbers Fullerton,alpha-plumbers-fullerton-fullerton,home_services,"576 N Gilbert St, Fullerton, CA 92833",Fullerton,(714) 930-2150,,no_website_listed,google_places,approved,approved,Google Places: no website listed,https://maps.google.com/?cid=13029198671346096330&g_mp=Cidnb29nbGUubWFwcy5wbGFjZXMudjEuUGxhY2VzLlNlYXJjaFRleHQQAhgEIAA,,(714) 930-2150,"576 N Gilbert St, Fullerton, CA 92833",plumber,socal,,google
Always Plumbing & Drain Cleaning,always-plumbing-drain-cleaning-laguna-hills,home_services,"22982 La Cadena Dr Ste 12, Laguna Hills, CA 92653",Laguna Hills,(949) 581-8438,https://www.alwaysplumbingairheat.com/?utm_campaign=gmb&utm_medium=organic&utm_source=gmb,website_url_not_reachable,google_places,rejected,rejected_has_website,Live website found via google: https://www.alwaysplumbingairheat.com/?utm_campaign=gmb&utm_medium=organic&utm_source=gmb. Google Places lists website: https://www.alwaysplumbingairheat.com/?utm_campaign=gmb&utm_medium=organic&utm_source=gmb,https://maps.google.com/?cid=4386626656384628656&g_mp=Cidnb29nbGUubWFwcy5wbGFjZXMudjEuUGxhY2VzLlNlYXJjaFRleHQQAhgEIAA,https://www.alwaysplumbingairheat.com/?utm_campaign=gmb&utm_medium=organic&utm_source=gmb,(949) 581-8438,"22982 La Cadena Dr Ste 12, Laguna Hills, CA 92653",plumber,socal,,google
Always Ready Plumbing services 24 hours,always-ready-plumbing-services-24-hours-highland,home_services,"27035 10th St, Highland, CA 92346",Highland,(909) 716-8645,,no_website_listed,google_places,approved,approved,Google Places: no website listed,https://maps.google.com/?cid=16159761751318170837&g_mp=Cidnb29nbGUubWFwcy5wbGFjZXMudjEuUGxhY2VzLlNlYXJjaFRleHQQAhgEIAA,,(909) 716-8645,"27035 10th St, Highland, CA 92346",plumber,socal,,google
Amazing Plumbing,amazing-plumbing-cypress,home_services,"5902 Lime Ave, Cypress, CA 90630",Cypress,(714) 879-0962,,no_website_listed,google_places,approved,approved,Google Places: no website listed,https://maps.google.com/?cid=15052229940182657370&g_mp=Cidnb29nbGUubWFwcy5wbGFjZXMudjEuUGxhY2VzLlNlYXJjaFRleHQQAhgEIAA,,(714) 879-0962,"5902 Lime Ave, Cypress, CA 90630",plumber,socal,,google
Americas plumber Llc,americas-plumber-llc-escondido,home_services,"2533 Casata Glen, Escondido, CA 92025",Escondido,(760) 388-5872,,no_website_listed,google_places,approved,approved,Google Places: no website listed,https://maps.google.com/?cid=12507603128262060531&g_mp=Cidnb29nbGUubWFwcy5wbGFjZXMudjEuUGxhY2VzLlNlYXJjaFRleHQQAhgEIAA,,(760) 388-5872,"2533 Casata Glen, Escondido, CA 92025",plumber,socal,,google
Apex Norwalk Plumber,apex-norwalk-plumber-norwalk,home_services,"11683 Firestone Blvd, Norwalk, CA 90650",Norwalk,(562) 279-9416,,no_website_listed,google_places,approved,approved,Google Places: no website listed,https://maps.google.com/?cid=832355787345627222&g_mp=Cidnb29nbGUubWFwcy5wbGFjZXMudjEuUGxhY2VzLlNlYXJjaFRleHQQAhgEIAA,,(562) 279-9416,"11683 Firestone Blvd, Norwalk, CA 90650",plumber,socal,,google
Aqua Dynamics Plumbing Company,aqua-dynamics-plumbing-company-lawndale,home_services,"4520 161st St, Lawndale, CA 90260",Lawndale,(424) 352-5247,https://www.aquadynamicsplumbingcompany.com/,website_url_not_reachable,google_places,rejected,rejected_has_website,Live website found via google: https://www.aquadynamicsplumbingcompany.com/. Google Places lists website: https://www.aquadynamicsplumbingcompany.com/,https://maps.google.com/?cid=1273802720760095289&g_mp=Cidnb29nbGUubWFwcy5wbGFjZXMudjEuUGxhY2VzLlNlYXJjaFRleHQQAhgEIAA,https://www.aquadynamicsplumbingcompany.com/,(424) 352-5247,"4520 161st St, Lawndale, CA 90260",plumber,socal,,google
Aqua Garden Grove Plumbing Co,aqua-garden-grove-plumbing-co-garden-grove,home_services,"10197 Westminster Ave, Garden Grove, CA 92843",Garden Grove,,,no_website_listed,google_places,approved,approved,Google Places: no website listed,https://maps.google.com/?cid=3543754263287221352&g_mp=Cidnb29nbGUubWFwcy5wbGFjZXMudjEuUGxhY2VzLlNlYXJjaFRleHQQAhgEIAA,,,"10197 Westminster Ave, Garden Grove, CA 92843",plumber,socal,,google
Arc Plumbing,arc-plumbing-hawthorne,home_services,"3124 Rosecrans Ave B, Hawthorne, CA 90250",Hawthorne,(310) 350-2459,,no_website_listed,google_places,approved,approved,Google Places: no website listed,https://maps.google.com/?cid=41520544359997416&g_mp=Cidnb29nbGUubWFwcy5wbGFjZXMudjEuUGxhY2VzLlNlYXJjaFRleHQQAhgEIAA,,(310) 350-2459,"3124 Rosecrans Ave B, Hawthorne, CA 90250",plumber,socal,,google
B.R. MOORE PLUMBING | Reliable Plumber with 32 Years Experience | Senior & Army Discount,b-r-moore-plumbing-reliable-plumber-with-32-years-experience,home_services,"1276 Vista Serena Ave, Banning, CA 92220",Banning,(951) 375-8144,,no_website_listed,google_places,approved,approved,Google Places: no website listed,https://maps.google.com/?cid=13383888816466667626&g_mp=Cidnb29nbGUubWFwcy5wbGFjZXMudjEuUGxhY2VzLlNlYXJjaFRleHQQAhgEIAA,,(951) 375-8144,"1276 Vista Serena Ave, Banning, CA 92220",plumber,socal,,google
"Backflow Secured, LLC",backflow-secured-llc-hacienda-heights,home_services,"1627 Charlemont Ave, Hacienda Heights, CA 91745",Hacienda Heights,(817) 444-8600,,no_website_listed,google_places,approved,approved,Google Places: no website listed,https://maps.google.com/?cid=16364713034024919009&g_mp=Cidnb29nbGUubWFwcy5wbGFjZXMudjEuUGxhY2VzLlNlYXJjaFRleHQQAhgEIAA,,(817) 444-8600,"1627 Charlemont Ave, Hacienda Heights, CA 91745",plumber,socal,,google
Beach Plumbing And Drain,beach-plumbing-and-drain-redondo-beach,home_services,"2015 Manhattan Beach Blvd #168, Redondo Beach, CA 90278",Redondo Beach,(424) 392-7260,,no_website_listed,google_places,approved,approved,Google Places: no website listed,https://maps.google.com/?cid=8881620247707815002&g_mp=Cidnb29nbGUubWFwcy5wbGFjZXMudjEuUGxhY2VzLlNlYXJjaFRleHQQAhgEIAA,,(424) 392-7260,"2015 Manhattan Beach Blvd #168, Redondo Beach, CA 90278",plumber,socal,,google
Big Dalton Canyon Plumbing of Glendora,big-dalton-canyon-plumbing-of-glendora-glendora,home_services,"238 N Glendora Ave, Glendora, CA 91741",Glendora,(626) 501-3365,,no_website_listed,google_places,approved,approved,Google Places: no website listed,https://maps.google.com/?cid=2433262126806297034&g_mp=Cidnb29nbGUubWFwcy5wbGFjZXMudjEuUGxhY2VzLlNlYXJjaFRleHQQAhgEIAA,,(626) 501-3365,"238 N Glendora Ave, Glendora, CA 91741",plumber,socal,,google
Black Cat Plumbing Co,black-cat-plumbing-co-los-angeles,home_services,"1218 S Barrington Ave, Los Angeles, CA 90025",Los Angeles,(310) 642-8027,https://lincolnpipeplumbing.com/,website_url_not_reachable,google_places,rejected,rejected_has_website,Live website found via google: https://lincolnpipeplumbing.com/. Google Places lists website: https://lincolnpipeplumbing.com/,https://maps.google.com/?cid=3404962241800567580&g_mp=Cidnb29nbGUubWFwcy5wbGFjZXMudjEuUGxhY2VzLlNlYXJjaFRleHQQAhgEIAA,https://lincolnpipeplumbing.com/,(310) 642-8027,"1218 S Barrington Ave, Los Angeles, CA 90025",plumber,socal,,google
Blue Diamond Water Heater Repair,blue-diamond-water-heater-repair-camarillo,home_services,"2342 Lomita St UNIT L, Camarillo, CA 93010",Camarillo,(805) 467-7298,,no_website_listed,google_places,approved,approved,Google Places: no website listed,https://maps.google.com/?cid=14453505687214222674&g_mp=Cidnb29nbGUubWFwcy5wbGFjZXMudjEuUGxhY2VzLlNlYXJjaFRleHQQAhgEIAA,,(805) 467-7298,"2342 Lomita St UNIT L, Camarillo, CA 93010",plumber,socal,,google
Booth's Pump Services,booth-s-pump-services-ramona,home_services,"1246 Pamo Rd, Ramona, CA 92065",Ramona,(760) 789-9147,,no_website_listed,google_places,approved,approved,Google Places: no website listed,https://maps.google.com/?cid=15813937980378353191&g_mp=Cidnb29nbGUubWFwcy5wbGFjZXMudjEuUGxhY2VzLlNlYXJjaFRleHQQAhgEIAA,,(760) 789-9147,"1246 Pamo Rd, Ramona, CA 92065",plumber,socal,,google
Brightwater Services Inc,brightwater-services-inc-palm-desert,home_services,"75091 St Charles Pl Suite B, Palm Desert, CA 92211",Palm Desert,(760) 341-1488,https://brightwaterservicesinc.com/,website_url_not_reachable,google_places,rejected,rejected_has_website,Live website found via google: https://brightwaterservicesinc.com/. Google Places lists website: https://brightwaterservicesinc.com/,https://maps.google.com/?cid=17078207249166064992&g_mp=Cidnb29nbGUubWFwcy5wbGFjZXMudjEuUGxhY2VzLlNlYXJjaFRleHQQAhgEIAA,https://brightwaterservicesinc.com/,(760) 341-1488,"75091 St Charles Pl Suite B, Palm Desert, CA 92211",plumber,socal,,google
Bt Plumbing Co,bt-plumbing-co-simi-valley,home_services,"1648 Dakin Ave, Simi Valley, CA 93065",Simi Valley,(805) 220-9666,,no_website_listed,google_places,approved,approved,Google Places: no website listed,https://maps.google.com/?cid=13982540425112145791&g_mp=Cidnb29nbGUubWFwcy5wbGFjZXMudjEuUGxhY2VzLlNlYXJjaFRleHQQAhgEIAA,,(805) 220-9666,"1648 Dakin Ave, Simi Valley, CA 93065",plumber,socal,,google
Bubbles Plumbing & Electrical,bubbles-plumbing-electrical-pasadena,home_services,"1887 E Washington Blvd, Pasadena, CA 91104",Pasadena,(626) 794-8110,http://www.bubbles-plumbing.com/,website_url_not_reachable,google_places,rejected,rejected_has_website,Live website found via google: http://www.bubbles-plumbing.com/. Google Places lists website: http://www.bubbles-plumbing.com/,https://maps.google.com/?cid=13495552368329894270&g_mp=Cidnb29nbGUubWFwcy5wbGFjZXMudjEuUGxhY2VzLlNlYXJjaFRleHQQAhgEIAA,http://www.bubbles-plumbing.com/,(626) 794-8110,"1887 E Washington Blvd, Pasadena, CA 91104",plumber,socal,,google
Byers Plumbing,byers-plumbing-lake-elsinore,home_services,"29991 Canyon Hills Rd, Lake Elsinore, CA 92532",Lake Elsinore,,,no_website_listed,google_places,approved,approved,Google Places: no website listed,https://maps.google.com/?cid=10015326924998474370&g_mp=Cidnb29nbGUubWFwcy5wbGFjZXMudjEuUGxhY2VzLlNlYXJjaFRleHQQAhgEIAA,,,"29991 Canyon Hills Rd, Lake Elsinore, CA 92532",plumber,socal,,google
CA ROOTER AND PLUMBING,ca-rooter-and-plumbing-west-covina,home_services,"1899 E Norma Ave, West Covina, CA 91791",West Covina,(626) 641-2453,https://www.facebook.com/Carooterandpluming,social_or_directory_only,google_places,approved,approved,Google website is social/directory only: https://www.facebook.com/Carooterandpluming,https://maps.google.com/?cid=3765352374997128624&g_mp=Cidnb29nbGUubWFwcy5wbGFjZXMudjEuUGxhY2VzLlNlYXJjaFRleHQQAhgEIAA,https://www.facebook.com/Carooterandpluming,(626) 641-2453,"1899 E Norma Ave, West Covina, CA 91791",plumber,socal,https://www.facebook.com/Carooterandpluming,google
CJ Plumbing And Hydro Jetting,cj-plumbing-and-hydro-jetting-hacienda-heights,home_services,"1225 Ridley Ave, Hacienda Heights, CA 91745",Hacienda Heights,(626) 404-6612,http://cjplumbingandhydrojetting.com/,website_url_not_reachable,google_places,rejected,rejected_has_website,Live website found via google: http://cjplumbingandhydrojetting.com/. Google Places lists website: http://cjplumbingandhydrojetting.com/,https://maps.google.com/?cid=2181465194317962492&g_mp=Cidnb29nbGUubWFwcy5wbGFjZXMudjEuUGxhY2VzLlNlYXJjaFRleHQQAhgEIAA,http://cjplumbingandhydrojetting.com/,(626) 404-6612,"1225 Ridley Ave, Hacienda Heights, CA 91745",plumber,socal,,google
Cali Plumber San Marcos,cali-plumber-san-marcos-san-marcos,home_services,"188 Los Vallecitos Blvd, San Marcos, CA 92069",San Marcos,(760) 502-8200,http://caliplumbersanmarcos.com/,website_url_not_reachable,google_places,rejected,rejected_has_website,Live website found via google: http://caliplumbersanmarcos.com/. Google Places lists website: http://caliplumbersanmarcos.com/,https://maps.google.com/?cid=7954704839135397144&g_mp=Cidnb29nbGUubWFwcy5wbGFjZXMudjEuUGxhY2VzLlNlYXJjaFRleHQQAhgEIAA,http://caliplumbersanmarcos.com/,(760) 502-8200,"188 Los Vallecitos Blvd, San Marcos, CA 92069",plumber,socal,,google
CaliBar Plumbing,calibar-plumbing-costa-mesa,home_services,"1515 W MacArthur Blvd Suite 4, Costa Mesa, CA 92626",Costa Mesa,(949) 740-0740,https://calibarplumbing.com/,website_url_not_reachable,google_places,rejected,rejected_has_website,Live website found via google: https://calibarplumbing.com/. Google Places lists website: https://calibarplumbing.com/,https://maps.google.com/?cid=7412611912586117944&g_mp=Cidnb29nbGUubWFwcy5wbGFjZXMudjEuUGxhY2VzLlNlYXJjaFRleHQQAhgEIAA,https://calibarplumbing.com/,(949) 740-0740,"1515 W MacArthur Blvd Suite 4, Costa Mesa, CA 92626",plumber,socal,,google
Call Plumbing Oceanside,call-plumbing-oceanside-oceanside,home_services,"4318 Mission Ave Ste.103, Oceanside, CA 92057",Oceanside,(442) 262-1125,https://tkrplumbingco.com/,website_url_not_reachable,google_places,rejected,rejected_has_website,Live website found via google: https://tkrplumbingco.com/. Google Places lists website: https://tkrplumbingco.com/,https://maps.google.com/?cid=9033458178710398999&g_mp=Cidnb29nbGUubWFwcy5wbGFjZXMudjEuUGxhY2VzLlNlYXJjaFRleHQQAhgEIAA,https://tkrplumbingco.com/,(442) 262-1125,"4318 Mission Ave Ste.103, Oceanside, CA 92057",plumber,socal,,google
Capistrano Plumbing,capistrano-plumbing-san-juan-capistrano,home_services,"32111 Alipaz St, San Juan Capistrano, CA 92675",San Juan Capistrano,(949) 493-1521,,no_website_listed,google_places,approved,approved,Google Places: no website listed,https://maps.google.com/?cid=13091348989163155033&g_mp=Cidnb29nbGUubWFwcy5wbGFjZXMudjEuUGxhY2VzLlNlYXJjaFRleHQQAhgEIAA,,(949) 493-1521,"32111 Alipaz St, San Juan Capistrano, CA 92675",plumber,socal,,google
Carlos Plumbing,carlos-plumbing-inglewood,home_services,"942 E 65th St, Inglewood, CA 90302",Inglewood,(323) 630-3022,,no_website_listed,google_places,approved,approved,Google Places: no website listed,https://maps.google.com/?cid=11350080424393865274&g_mp=Cidnb29nbGUubWFwcy5wbGFjZXMudjEuUGxhY2VzLlNlYXJjaFRleHQQAhgEIAA,,(323) 630-3022,"942 E 65th St, Inglewood, CA 90302",plumber,socal,,google
Carlos the Plumber,carlos-the-plumber-dana-point,home_services,"33895 Silver Lantern St Apt 2, Dana Point, CA 92629",Dana Point,(949) 246-3589,,no_website_listed,google_places,approved,approved,Google Places: no website listed,https://maps.google.com/?cid=12860668835651988218&g_mp=Cidnb29nbGUubWFwcy5wbGFjZXMudjEuUGxhY2VzLlNlYXJjaFRleHQQAhgEIAA,,(949) 246-3589,"33895 Silver Lantern St Apt 2, Dana Point, CA 92629",plumber,socal,,google
Carlsbad Plumbing Pros,carlsbad-plumbing-pros-carlsbad,home_services,"6112 Innovation Way, Carlsbad, CA 92009",Carlsbad,(760) 517-7449,,no_website_listed,google_places,approved,approved,Google Places: no website listed,https://maps.google.com/?cid=12521677071164989830&g_mp=Cidnb29nbGUubWFwcy5wbGFjZXMudjEuUGxhY2VzLlNlYXJjaFRleHQQAhgEIAA,,(760) 517-7449,"6112 Innovation Way, Carlsbad, CA 92009",plumber,socal,,google
Central OC Plumbing,central-oc-plumbing-westminster,home_services,"9200 Bolsa Ave, Westminster, CA 92683",Westminster,(657) 695-4473,https://centralocplumbing.com/,website_url_not_reachable,google_places,rejected,rejected_has_website,Live website found via google: https://centralocplumbing.com/. Google Places lists website: https://centralocplumbing.com/,https://maps.google.com/?cid=3460798401115969837&g_mp=Cidnb29nbGUubWFwcy5wbGFjZXMudjEuUGxhY2VzLlNlYXJjaFRleHQQAhgEIAA,https://centralocplumbing.com/,(657) 695-4473,"9200 Bolsa Ave, Westminster, CA 92683",plumber,socal,,google
Central Plumbing INC,central-plumbing-inc-grover-beach,home_services,"479 Leoni Dr, Grover Beach, CA 93433",Grover Beach,(805) 779-0556,http://centralplumbingca.com/,website_url_not_reachable,google_places,rejected,rejected_has_website,Live website found via google: http://centralplumbingca.com/. Google Places lists website: http://centralplumbingca.com/,https://maps.google.com/?cid=15062723393206225638&g_mp=Cidnb29nbGUubWFwcy5wbGFjZXMudjEuUGxhY2VzLlNlYXJjaFRleHQQAhgEIAA,http://centralplumbingca.com/,(805) 779-0556,"479 Leoni Dr, Grover Beach, CA 93433",plumber,socal,,google
Century Rooter Service And Plumbing,century-rooter-service-and-plumbing-monrovia,home_services,"1609 California Ave, Monrovia, CA 91016",Monrovia,(800) 782-4744,,no_website_listed,google_places,approved,approved,Google Places: no website listed,https://maps.google.com/?cid=8894577583091573820&g_mp=Cidnb29nbGUubWFwcy5wbGFjZXMudjEuUGxhY2VzLlNlYXJjaFRleHQQAhgEIAA,,(800) 782-4744,"1609 California Ave, Monrovia, CA 91016",plumber,socal,,google
Chihuahua Plumbing,chihuahua-plumbing-national-city,home_services,"3222 Orange St, National City, CA 91950",National City,,,no_website_listed,google_places,approved,approved,Google Places: no website listed,https://maps.google.com/?cid=1160289158251853181&g_mp=Cidnb29nbGUubWFwcy5wbGFjZXMudjEuUGxhY2VzLlNlYXJjaFRleHQQAhgEIAA,,,"3222 Orange St, National City, CA 91950",plumber,socal,,google
City Plumbing Service Inc.,city-plumbing-service-inc-whittier,home_services,"14055 Lambert Rd, Whittier, CA 90605",Whittier,(562) 698-1221,,no_website_listed,google_places,approved,approved,Google Places: no website listed,https://maps.google.com/?cid=18236988565941950744&g_mp=Cidnb29nbGUubWFwcy5wbGFjZXMudjEuUGxhY2VzLlNlYXJjaFRleHQQAhgEIAA,,(562) 698-1221,"14055 Lambert Rd, Whittier, CA 90605",plumber,socal,,google
ClearFlow Plumbing Fountain Valley,clearflow-plumbing-fountain-valley-fountain-valley,home_services,"18539 Brookhurst St, Fountain Valley, CA 92708",Fountain Valley,(424) 553-1752,https://clearflowinnovations.site/,website_url_not_reachable,google_places,rejected,rejected_has_website,Live website found via google: https://clearflowinnovations.site/. Google Places lists website: https://clearflowinnovations.site/,https://maps.google.com/?cid=426403217319579294&g_mp=Cidnb29nbGUubWFwcy5wbGFjZXMudjEuUGxhY2VzLlNlYXJjaFRleHQQAhgEIAA,https://clearflowinnovations.site/,(424) 553-1752,"18539 Brookhurst St, Fountain Valley, CA 92708",plumber,socal,,google
"Clearwater Plumbing Inc - Plumbing Contractor, Drain Repair and Sewer Contractor La Mirada, CA",clearwater-plumbing-inc-plumbing-contractor-drain-repair-and,home_services,"13414 Marlette Dr, La Mirada, CA 90638",La Mirada,,,no_website_listed,google_places,approved,approved,Google Places: no website listed,https://maps.google.com/?cid=1265014775798954956&g_mp=Cidnb29nbGUubWFwcy5wbGFjZXMudjEuUGxhY2VzLlNlYXJjaFRleHQQAhgEIAA,,,"13414 Marlette Dr, La Mirada, CA 90638",plumber,socal,,google
Conejo Plumbing Solutions,conejo-plumbing-solutions-camarillo,home_services,"558 Vista Del Sol, Camarillo, CA 93010",Camarillo,(805) 796-5093,,no_website_listed,google_places,approved,approved,Google Places: no website listed,https://maps.google.com/?cid=910735139894937738&g_mp=Cidnb29nbGUubWFwcy5wbGFjZXMudjEuUGxhY2VzLlNlYXJjaFRleHQQAhgEIAA,,(805) 796-5093,"558 Vista Del Sol, Camarillo, CA 93010",plumber,socal,,google
Coronado Plumbing & Drain Service,coronado-plumbing-drain-service-ramona,home_services,"1735 Main St, Ramona, CA 92065",Ramona,,,no_website_listed,google_places,approved,approved,Google Places: no website listed,https://maps.google.com/?cid=4857636290480053305&g_mp=Cidnb29nbGUubWFwcy5wbGFjZXMudjEuUGxhY2VzLlNlYXJjaFRleHQQAhgEIAA,,,"1735 Main St, Ramona, CA 92065",plumber,socal,,google
Cova Plumbing& Rooter,cova-plumbing-rooter-inglewood,home_services,"11039 Hawthorne Blvd, Inglewood, CA 90304",Inglewood,,,no_website_listed,google_places,approved,approved,Google Places: no website listed,https://maps.google.com/?cid=7483280275558602434&g_mp=Cidnb29nbGUubWFwcy5wbGFjZXMudjEuUGxhY2VzLlNlYXJjaFRleHQQAhgEIAA,,,"11039 Hawthorne Blvd, Inglewood, CA 90304",plumber,socal,,google
Coyote Creek Plumbing of Buena Park,coyote-creek-plumbing-of-buena-park-buena-park,home_services,"7936 Valley View St, Buena Park, CA 90620",Buena Park,(714) 798-2742,,no_website_listed,google_places,approved,approved,Google Places: no website listed,https://maps.google.com/?cid=18084173823760969790&g_mp=Cidnb29nbGUubWFwcy5wbGFjZXMudjEuUGxhY2VzLlNlYXJjaFRleHQQAhgEIAA,,(714) 798-2742,"7936 Valley View St, Buena Park, CA 90620",plumber,socal,,google
DISCOUNT PLUMBING,discount-plumbing-victorville,home_services,"12959 Arrowhead Dr, Victorville, CA 92395",Victorville,(760) 780-0606,https://discountplumbingandslableaksrus.com/,website_url_not_reachable,google_places,rejected,rejected_has_website,Live website found via google: https://discountplumbingandslableaksrus.com/. Google Places lists website: https://discountplumbingandslableaksrus.com/,https://maps.google.com/?cid=3572775477317994514&g_mp=Cidnb29nbGUubWFwcy5wbGFjZXMudjEuUGxhY2VzLlNlYXJjaFRleHQQAhgEIAA,https://discountplumbingandslableaksrus.com/,(760) 780-0606,"12959 Arrowhead Dr, Victorville, CA 92395",plumber,socal,,google
Dan Gruetzmacher Plumbing,dan-gruetzmacher-plumbing-goleta,home_services,"29 San Jano Dr, Goleta, CA 93117",Goleta,(805) 451-0419,,no_website_listed,google_places,approved,approved,Google Places: no website listed,https://maps.google.com/?cid=13406840013620528038&g_mp=Cidnb29nbGUubWFwcy5wbGFjZXMudjEuUGxhY2VzLlNlYXJjaFRleHQQAhgEIAA,,(805) 451-0419,"29 San Jano Dr, Goleta, CA 93117",plumber,socal,,google
Danru Plumbing & Rooter,danru-plumbing-rooter-upland,home_services,"1933 W 11th St suite f, Upland, CA 91786",Upland,(833) 682-6205,,no_website_listed,google_places,approved,approved,Google Places: no website listed,https://maps.google.com/?cid=2984183561706044082&g_mp=Cidnb29nbGUubWFwcy5wbGFjZXMudjEuUGxhY2VzLlNlYXJjaFRleHQQAhgEIAA,,(833) 682-6205,"1933 W 11th St suite f, Upland, CA 91786",plumber,socal,,google
David Brothers Plumbing LLC,david-brothers-plumbing-llc-lake-forest,home_services,"22821 Lake Forest Dr, Lake Forest, CA 92630",Lake Forest,(949) 997-2500,,no_website_listed,google_places,approved,approved,Google Places: no website listed,https://maps.google.com/?cid=18069267580613663456&g_mp=Cidnb29nbGUubWFwcy5wbGFjZXMudjEuUGxhY2VzLlNlYXJjaFRleHQQAhgEIAA,,(949) 997-2500,"22821 Lake Forest Dr, Lake Forest, CA 92630",plumber,socal,,google
Day Knight Plumbing,day-knight-plumbing-poway,home_services,"14231 Garden Rd Ste. 133, Poway, CA 92064",Poway,(858) 377-6211,,no_website_listed,google_places,approved,approved,Google Places: no website listed,https://maps.google.com/?cid=4336131475730453709&g_mp=Cidnb29nbGUubWFwcy5wbGFjZXMudjEuUGxhY2VzLlNlYXJjaFRleHQQAhgEIAA,,(858) 377-6211,"14231 Garden Rd Ste. 133, Poway, CA 92064",plumber,socal,,google
Done Plumbing & Drain,done-plumbing-drain-santee,home_services,"9225 Carlton Hills Blvd UNIT 412, Santee, CA 92071",Santee,(619) 332-1888,,no_website_listed,google_places,approved,approved,Google Places: no website listed,https://maps.google.com/?cid=4672857855968932402&g_mp=Cidnb29nbGUubWFwcy5wbGFjZXMudjEuUGxhY2VzLlNlYXJjaFRleHQQAhgEIAA,,(619) 332-1888,"9225 Carlton Hills Blvd UNIT 412, Santee, CA 92071",plumber,socal,,google
Downey Plumbing Masters,downey-plumbing-masters-downey,home_services,"7603 Firestone Blvd, Downey, CA 90241",Downey,(562) 414-4788,,no_website_listed,google_places,approved,approved,Google Places: no website listed,https://maps.google.com/?cid=321807460968932915&g_mp=Cidnb29nbGUubWFwcy5wbGFjZXMudjEuUGxhY2VzLlNlYXJjaFRleHQQAhgEIAA,,(562) 414-4788,"7603 Firestone Blvd, Downey, CA 90241",plumber,socal,,google
Dynamic Plumbers Inglewood,dynamic-plumbers-inglewood-inglewood,home_services,"1025 S Orchard Dr, Inglewood, CA 90301",Inglewood,(424) 339-0456,,no_website_listed,google_places,approved,approved,Google Places: no website listed,https://maps.google.com/?cid=2309917084161923415&g_mp=Cidnb29nbGUubWFwcy5wbGFjZXMudjEuUGxhY2VzLlNlYXJjaFRleHQQAhgEIAA,,(424) 339-0456,"1025 S Orchard Dr, Inglewood, CA 90301",plumber,socal,,google
Dynasty Plumbing,dynasty-plumbing-yucaipa,home_services,"36150 Cherrywood Dr, Yucaipa, CA 92399",Yucaipa,(951) 288-0352,https://dynasty-plumbing.com/,website_url_not_reachable,google_places,rejected,rejected_has_website,Live website found via google: https://dynasty-plumbing.com/. Google Places lists website: https://dynasty-plumbing.com/,https://maps.google.com/?cid=3003482421122548695&g_mp=Cidnb29nbGUubWFwcy5wbGFjZXMudjEuUGxhY2VzLlNlYXJjaFRleHQQAhgEIAA,https://dynasty-plumbing.com/,(951) 288-0352,"36150 Cherrywood Dr, Yucaipa, CA 92399",plumber,socal,,google
E & G Plumbing,e-g-plumbing-hemet,home_services,"27304 Pacifica Ct, Hemet, CA 92544",Hemet,(951) 927-4691,,no_website_listed,google_places,approved,approved,Google Places: no website listed,https://maps.google.com/?cid=3255335149535323517&g_mp=Cidnb29nbGUubWFwcy5wbGFjZXMudjEuUGxhY2VzLlNlYXJjaFRleHQQAhgEIAA,,(951) 927-4691,"27304 Pacifica Ct, Hemet, CA 92544",plumber,socal,,google
E-Z Plumbing,e-z-plumbing-colton,home_services,"1110 Blue Ridge Ln, Colton, CA 92324",Colton,(909) 799-5907,,no_website_listed,google_places,approved,approved,Google Places: no website listed,https://maps.google.com/?cid=11662684585166472160&g_mp=Cidnb29nbGUubWFwcy5wbGFjZXMudjEuUGxhY2VzLlNlYXJjaFRleHQQAhgEIAA,,(909) 799-5907,"1110 Blue Ridge Ln, Colton, CA 92324",plumber,socal,,google
Eaton Family Plumbers,eaton-family-plumbers-diamond-bar,home_services,"836 N Diamond Bar Blvd #9000, Diamond Bar, CA 91765",Diamond Bar,(909) 415-5429,,no_website_listed,google_places,approved,approved,Google Places: no website listed,https://maps.google.com/?cid=16983451905212005020&g_mp=Cidnb29nbGUubWFwcy5wbGFjZXMudjEuUGxhY2VzLlNlYXJjaFRleHQQAhgEIAA,,(909) 415-5429,"836 N Diamond Bar Blvd #9000, Diamond Bar, CA 91765",plumber,socal,,google
El Cajon Plumbing,el-cajon-plumbing-el-cajon,home_services,"1265 Greenfield Dr G, El Cajon, CA 92021",El Cajon,(858) 339-2018,,no_website_listed,google_places,approved,approved,Google Places: no website listed,https://maps.google.com/?cid=7454304666174728993&g_mp=Cidnb29nbGUubWFwcy5wbGFjZXMudjEuUGxhY2VzLlNlYXJjaFRleHQQAhgEIAA,,(858) 339-2018,"1265 Greenfield Dr G, El Cajon, CA 92021",plumber,socal,,google
El Monte Plumbing Co,el-monte-plumbing-co-el-monte,home_services,"3569 Lexington Ave, El Monte, CA 91731",El Monte,(626) 596-7936,,no_website_listed,google_places,approved,approved,Google Places: no website listed,https://maps.google.com/?cid=17898298670284799648&g_mp=Cidnb29nbGUubWFwcy5wbGFjZXMudjEuUGxhY2VzLlNlYXJjaFRleHQQAhgEIAA,,(626) 596-7936,"3569 Lexington Ave, El Monte, CA 91731",plumber,socal,,google
El Monte Plumbing Rooter & Drains Anytime,el-monte-plumbing-rooter-drains-anytime-el-monte,home_services,"11620 Woodville Dr, El Monte, CA 91732",El Monte,(626) 835-0689,https://plumbingeverytime.org/El-monte,website_url_not_reachable,google_places,rejected,rejected_has_website,Live website found via google: https://plumbingeverytime.org/El-monte. Google Places lists website: https://plumbingeverytime.org/El-monte,https://maps.google.com/?cid=3897731071791234019&g_mp=Cidnb29nbGUubWFwcy5wbGFjZXMudjEuUGxhY2VzLlNlYXJjaFRleHQQAhgEIAA,https://plumbingeverytime.org/El-monte,(626) 835-0689,"11620 Woodville Dr, El Monte, CA 91732",plumber,socal,,google
Elite Fullerton Plumbing Solutions,elite-fullerton-plumbing-solutions-fullerton,home_services,"442 N State College Blvd, Fullerton, CA 92831",Fullerton,(657) 680-4256,https://eliterentonplumbingsolutions.com/,website_url_not_reachable,google_places,rejected,rejected_has_website,Live website found via google: https://eliterentonplumbingsolutions.com/. Google Places lists website: https://eliterentonplumbingsolutions.com/,https://maps.google.com/?cid=6475278931142563238&g_mp=Cidnb29nbGUubWFwcy5wbGFjZXMudjEuUGxhY2VzLlNlYXJjaFRleHQQAhgEIAA,https://eliterentonplumbingsolutions.com/,(657) 680-4256,"442 N State College Blvd, Fullerton, CA 92831",plumber,socal,,google
Escondido Plumbing & Drain Co,escondido-plumbing-drain-co-escondido,home_services,"105 N Rose St #203, Escondido, CA 92027",Escondido,(442) 248-5629,,no_website_listed,google_places,approved,approved,Google Places: no website listed,https://maps.google.com/?cid=3303925906144366826&g_mp=Cidnb29nbGUubWFwcy5wbGFjZXMudjEuUGxhY2VzLlNlYXJjaFRleHQQAhgEIAA,,(442) 248-5629,"105 N Rose St #203, Escondido, CA 92027",plumber,socal,,google
Ethan Brothers Plumbing & Gas,ethan-brothers-plumbing-gas-san-marcos,home_services,"965 E Mission Rd, San Marcos, CA 92069",San Marcos,(442) 200-2110,,no_website_listed,google_places,approved,approved,Google Places: no website listed,https://maps.google.com/?cid=4440444192591230487&g_mp=Cidnb29nbGUubWFwcy5wbGFjZXMudjEuUGxhY2VzLlNlYXJjaFRleHQQAhgEIAA,,(442) 200-2110,"965 E Mission Rd, San Marcos, CA 92069",plumber,socal,,google
EverFlow Plumbing Newport Beach,everflow-plumbing-newport-beach-newport-beach,home_services,"510 Palm St, Newport Beach, CA 92661",Newport Beach,(858) 351-2594,https://everflowexperts.site/,website_url_not_reachable,google_places,rejected,rejected_has_website,Live website found via google: https://everflowexperts.site/. Google Places lists website: https://everflowexperts.site/,https://maps.google.com/?cid=7891772478190330215&g_mp=Cidnb29nbGUubWFwcy5wbGFjZXMudjEuUGxhY2VzLlNlYXJjaFRleHQQAhgEIAA,https://everflowexperts.site/,(858) 351-2594,"510 Palm St, Newport Beach, CA 92661",plumber,socal,,google
Excel Plumbing Garden Grove Services,excel-plumbing-garden-grove-services-garden-grove,home_services,"12630 Brookhurst St Ste C, Garden Grove, CA 92840",Garden Grove,(657) 377-0171,,no_website_listed,google_places,approved,approved,Google Places: no website listed,https://maps.google.com/?cid=6432086839774750192&g_mp=Cidnb29nbGUubWFwcy5wbGFjZXMudjEuUGxhY2VzLlNlYXJjaFRleHQQAhgEIAA,,(657) 377-0171,"12630 Brookhurst St Ste C, Garden Grove, CA 92840",plumber,socal,,google
Excellent Garden Grove Plumbing Services,excellent-garden-grove-plumbing-services-garden-grove,home_services,"9675 Chapman Ave, Garden Grove, CA 92841",Garden Grove,(714) 294-0770,http://excellentgardengroveplumbingservices.com/,website_url_not_reachable,google_places,rejected,rejected_has_website,Live website found via google: http://excellentgardengroveplumbingservices.com/. Google Places lists website: http://excellentgardengroveplumbingservices.com/,https://maps.google.com/?cid=3251463181971383562&g_mp=Cidnb29nbGUubWFwcy5wbGFjZXMudjEuUGxhY2VzLlNlYXJjaFRleHQQAhgEIAA,http://excellentgardengroveplumbingservices.com/,(714) 294-0770,"9675 Chapman Ave, Garden Grove, CA 92841",plumber,socal,,google
Expert Plumber Fullerton CA,expert-plumber-fullerton-ca-fullerton,home_services,"520 N Harbor Blvd, Fullerton, CA 92832",Fullerton,(657) 526-7682,,no_website_listed,google_places,approved,approved,Google Places: no website listed,https://maps.google.com/?cid=16053826883282468852&g_mp=Cidnb29nbGUubWFwcy5wbGFjZXMudjEuUGxhY2VzLlNlYXJjaFRleHQQAhgEIAA,,(657) 526-7682,"520 N Harbor Blvd, Fullerton, CA 92832",plumber,socal,,google
Express Plumbing Rowland Heights Pros,express-plumbing-rowland-heights-pros-rowland-heights,home_services,"19762 Colima Rd #101, Rowland Heights, CA 91748",Rowland Heights,(657) 341-0118,,no_website_listed,google_places,approved,approved,Google Places: no website listed,https://maps.google.com/?cid=15019817421081262415&g_mp=Cidnb29nbGUubWFwcy5wbGFjZXMudjEuUGxhY2VzLlNlYXJjaFRleHQQAhgEIAA,,(657) 341-0118,"19762 Colima Rd #101, Rowland Heights, CA 91748",plumber,socal,,google
Fierce Plumbing Inc,fierce-plumbing-inc-chino,home_services,"5670 Schaefer Ave # D, Chino, CA 91710",Chino,(951) 470-3135,http://fierceplumbing.com/,website_url_not_reachable,google_places,rejected,rejected_has_website,Live website found via google: http://fierceplumbing.com/. Google Places lists website: http://fierceplumbing.com/,https://maps.google.com/?cid=15646218341599011038&g_mp=Cidnb29nbGUubWFwcy5wbGFjZXMudjEuUGxhY2VzLlNlYXJjaFRleHQQAhgEIAA,http://fierceplumbing.com/,(951) 470-3135,"5670 Schaefer Ave # D, Chino, CA 91710",plumber,socal,,google
Five Star Plumber Simi Valley,five-star-plumber-simi-valley-simi-valley,home_services,"4685 Industrial St, Simi Valley, CA 93063",Simi Valley,(805) 823-1821,https://fivestarplumbersimivalley.com/,website_url_not_reachable,google_places,rejected,rejected_has_website,Live website found via google: https://fivestarplumbersimivalley.com/. Google Places lists website: https://fivestarplumbersimivalley.com/,https://maps.google.com/?cid=2653441259078572842&g_mp=Cidnb29nbGUubWFwcy5wbGFjZXMudjEuUGxhY2VzLlNlYXJjaFRleHQQAhgEIAA,https://fivestarplumbersimivalley.com/,(805) 823-1821,"4685 Industrial St, Simi Valley, CA 93063",plumber,socal,,google
Frankie's Plumbing & Repipe,frankie-s-plumbing-repipe-apple-valley,home_services,"15531 Apple Valley Rd, Apple Valley, CA 92307",Apple Valley,(442) 270-5742,,no_website_listed,google_places,approved,approved,Google Places: no website listed,https://maps.google.com/?cid=1874474599392720645&g_mp=Cidnb29nbGUubWFwcy5wbGFjZXMudjEuUGxhY2VzLlNlYXJjaFRleHQQAhgEIAA,,(442) 270-5742,"15531 Apple Valley Rd, Apple Valley, CA 92307",plumber,socal,,google
Gilbert Plumbing Inc,gilbert-plumbing-inc-hawthorne,home_services,"3860 W 115th St, Hawthorne, CA 90250",Hawthorne,(310) 676-5397,,no_website_listed,google_places,approved,approved,Google Places: no website listed,https://maps.google.com/?cid=2635009180862252514&g_mp=Cidnb29nbGUubWFwcy5wbGFjZXMudjEuUGxhY2VzLlNlYXJjaFRleHQQAhgEIAA,,(310) 676-5397,"3860 W 115th St, Hawthorne, CA 90250",plumber,socal,,google
Golden Plumber Buena Park,golden-plumber-buena-park-buena-park,home_services,"7316 Melrose St, Buena Park, CA 90621",Buena Park,(714) 266-1661,http://goldenplumberbuenapark.com/,website_url_not_reachable,google_places,rejected,rejected_has_website,Live website found via google: http://goldenplumberbuenapark.com/. Google Places lists website: http://goldenplumberbuenapark.com/,https://maps.google.com/?cid=13257242110301642350&g_mp=Cidnb29nbGUubWFwcy5wbGFjZXMudjEuUGxhY2VzLlNlYXJjaFRleHQQAhgEIAA,http://goldenplumberbuenapark.com/,(714) 266-1661,"7316 Melrose St, Buena Park, CA 90621",plumber,socal,,google
Gordon's Best Plumbing,gordon-s-best-plumbing-arcadia,home_services,"136 E Santa Clara St #1, Arcadia, CA 91006",Arcadia,(626) 448-6455,,no_website_listed,google_places,approved,approved,Google Places: no website listed,https://maps.google.com/?cid=8931907096873276879&g_mp=Cidnb29nbGUubWFwcy5wbGFjZXMudjEuUGxhY2VzLlNlYXJjaFRleHQQAhgEIAA,,(626) 448-6455,"136 E Santa Clara St #1, Arcadia, CA 91006",plumber,socal,,google
Green Garden Plumber's,green-garden-plumber-s-laguna-niguel,home_services,"30012 Crown Valley Pkwy #830, Laguna Niguel, CA 92677",Laguna Niguel,,,no_website_listed,google_places,approved,approved,Google Places: no website listed,https://maps.google.com/?cid=9415935281484266294&g_mp=Cidnb29nbGUubWFwcy5wbGFjZXMudjEuUGxhY2VzLlNlYXJjaFRleHQQAhgEIAA,,,"30012 Crown Valley Pkwy #830, Laguna Niguel, CA 92677",plumber,socal,,google
Grow Plumbing,grow-plumbing-manhattan-beach,home_services,"1007 N Sepulveda Blvd Box 24, Manhattan Beach, CA 90267",Manhattan Beach,(310) 909-8835,,no_website_listed,google_places,approved,approved,Google Places: no website listed,https://maps.google.com/?cid=16508397195250840449&g_mp=Cidnb29nbGUubWFwcy5wbGFjZXMudjEuUGxhY2VzLlNlYXJjaFRleHQQAhgEIAA,,(310) 909-8835,"1007 N Sepulveda Blvd Box 24, Manhattan Beach, CA 90267",plumber,socal,,google
Guzman Plumbing,guzman-plumbing-el-monte,home_services,"12700 Elliott Ave, El Monte, CA 91732",El Monte,(626) 673-1207,,no_website_listed,google_places,approved,approved,Google Places: no website listed,https://maps.google.com/?cid=10559369967348913456&g_mp=Cidnb29nbGUubWFwcy5wbGFjZXMudjEuUGxhY2VzLlNlYXJjaFRleHQQAhgEIAA,,(626) 673-1207,"12700 Elliott Ave, El Monte, CA 91732",plumber,socal,,google
H'S Plumbing & Sewer Vista,h-s-plumbing-sewer-vista-vista,home_services,"161 Thunder Dr #118, Vista, CA 92083",Vista,(442) 204-1479,,no_website_listed,google_places,approved,approved,Google Places: no website listed,https://maps.google.com/?cid=15808836668242899304&g_mp=Cidnb29nbGUubWFwcy5wbGFjZXMudjEuUGxhY2VzLlNlYXJjaFRleHQQAhgEIAA,,(442) 204-1479,"161 Thunder Dr #118, Vista, CA 92083",plumber,socal,,google
"HDZ Plumbing & Sewer, Inc.",hdz-plumbing-sewer-inc-hawthorne,home_services,"11607 Prairie Ave, Hawthorne, CA 90250",Hawthorne,(310) 488-3088,,no_website_listed,google_places,approved,approved,Google Places: no website listed,https://maps.google.com/?cid=10041853652730321360&g_mp=Cidnb29nbGUubWFwcy5wbGFjZXMudjEuUGxhY2VzLlNlYXJjaFRleHQQAhgEIAA,,(310) 488-3088,"11607 Prairie Ave, Hawthorne, CA 90250",plumber,socal,,google
Handy Hoff Plumbing Services,handy-hoff-plumbing-services-simi-valley,home_services,"1040 Balsamo Ave, Simi Valley, CA 93065",Simi Valley,(805) 791-0054,,no_website_listed,google_places,approved,approved,Google Places: no website listed,https://maps.google.com/?cid=1738379044374159160&g_mp=Cidnb29nbGUubWFwcy5wbGFjZXMudjEuUGxhY2VzLlNlYXJjaFRleHQQAhgEIAA,,(805) 791-0054,"1040 Balsamo Ave, Simi Valley, CA 93065",plumber,socal,,google
Harrison Brothers Plumbing,harrison-brothers-plumbing-arcadia,home_services,"68 W Live Oak Ave, Arcadia, CA 91007",Arcadia,(626) 900-0520,,no_website_listed,google_places,approved,approved,Google Places: no website listed,https://maps.google.com/?cid=1559083653566514009&g_mp=Cidnb29nbGUubWFwcy5wbGFjZXMudjEuUGxhY2VzLlNlYXJjaFRleHQQAhgEIAA,,(626) 900-0520,"68 W Live Oak Ave, Arcadia, CA 91007",plumber,socal,,google
High Speed Plumbing,high-speed-plumbing-pomona,home_services,"111 E Arrow Hwy, Pomona, CA 91767",Pomona,(909) 766-2745,https://www.highspeedplumbing.com/plumber-pomona-ca?utm_campaign=gmb,website_url_not_reachable,google_places,rejected,rejected_has_website,Live website found via google: https://www.highspeedplumbing.com/plumber-pomona-ca?utm_campaign=gmb. Google Places lists website: https://www.highspeedplumbing.com/plumber-pomona-ca?utm_campaign=gmb,https://maps.google.com/?cid=13769574587738924532&g_mp=Cidnb29nbGUubWFwcy5wbGFjZXMudjEuUGxhY2VzLlNlYXJjaFRleHQQAhgEIAA,https://www.highspeedplumbing.com/plumber-pomona-ca?utm_campaign=gmb,(909) 766-2745,"111 E Arrow Hwy, Pomona, CA 91767",plumber,socal,,google
High Speed Plumbing of Arcadia,high-speed-plumbing-of-arcadia-arcadia,home_services,"440 E Huntington Dr #300, Arcadia, CA 91006",Arcadia,(626) 493-2671,https://www.highspeedplumbing.com/plumber-arcadia-ca,website_url_not_reachable,google_places,rejected,rejected_has_website,Live website found via google: https://www.highspeedplumbing.com/plumber-arcadia-ca. Google Places lists website: https://www.highspeedplumbing.com/plumber-arcadia-ca,https://maps.google.com/?cid=14211664843135305404&g_mp=Cidnb29nbGUubWFwcy5wbGFjZXMudjEuUGxhY2VzLlNlYXJjaFRleHQQAhgEIAA,https://www.highspeedplumbing.com/plumber-arcadia-ca,(626) 493-2671,"440 E Huntington Dr #300, Arcadia, CA 91006",plumber,socal,,google
High Speed Plumbing of Fullerton,high-speed-plumbing-of-fullerton-fullerton,home_services,"1303 W Valencia Dr #208, Fullerton, CA 92833",Fullerton,(909) 766-2745,https://www.highspeedplumbing.com/plumber-fullerton-ca,website_url_not_reachable,google_places,rejected,rejected_has_website,Live website found via google: https://www.highspeedplumbing.com/plumber-fullerton-ca. Google Places lists website: https://www.highspeedplumbing.com/plumber-fullerton-ca,https://maps.google.com/?cid=14050928333166601407&g_mp=Cidnb29nbGUubWFwcy5wbGFjZXMudjEuUGxhY2VzLlNlYXJjaFRleHQQAhgEIAA,https://www.highspeedplumbing.com/plumber-fullerton-ca,(909) 766-2745,"1303 W Valencia Dr #208, Fullerton, CA 92833",plumber,socal,,google
House Calls Plumbing,house-calls-plumbing-bellflower,home_services,"9444 Somerset Blvd, Bellflower, CA 90706",Bellflower,(562) 429-8033,,no_website_listed,google_places,approved,approved,Google Places: no website listed,https://maps.google.com/?cid=12158762975052901170&g_mp=Cidnb29nbGUubWFwcy5wbGFjZXMudjEuUGxhY2VzLlNlYXJjaFRleHQQAhgEIAA,,(562) 429-8033,"9444 Somerset Blvd, Bellflower, CA 90706",plumber,socal,,google
Huntington Beach Plumbing,huntington-beach-plumbing-huntington-beach,home_services,"9560 Hamilton Ave, Huntington Beach, CA 92646",Huntington Beach,(714) 386-7189,,no_website_listed,google_places,approved,approved,Google Places: no website listed,https://maps.google.com/?cid=2398610586702404862&g_mp=Cidnb29nbGUubWFwcy5wbGFjZXMudjEuUGxhY2VzLlNlYXJjaFRleHQQAhgEIAA,,(714) 386-7189,"9560 Hamilton Ave, Huntington Beach, CA 92646",plumber,socal,,google
Huntington Plumbing & Drain Company,huntington-plumbing-drain-company-huntington-beach,home_services,"16511 Goldenwest St UNIT 105, Huntington Beach, CA 92647",Huntington Beach,(657) 300-1825,,no_website_listed,google_places,approved,approved,Google Places: no website listed,https://maps.google.com/?cid=15273833197454135166&g_mp=Cidnb29nbGUubWFwcy5wbGFjZXMudjEuUGxhY2VzLlNlYXJjaFRleHQQAhgEIAA,,(657) 300-1825,"16511 Goldenwest St UNIT 105, Huntington Beach, CA 92647",plumber,socal,,google
Icon Plumbing,icon-plumbing-escondido,home_services,"510 Corporate Dr H, Escondido, CA 92029",Escondido,(714) 553-6655,https://iconplumbing.site/,website_url_not_reachable,google_places,rejected,rejected_has_website,Live website found via google: https://iconplumbing.site/. Google Places lists website: https://iconplumbing.site/,https://maps.google.com/?cid=670492354872510090&g_mp=Cidnb29nbGUubWFwcy5wbGFjZXMudjEuUGxhY2VzLlNlYXJjaFRleHQQAhgEIAA,https://iconplumbing.site/,(714) 553-6655,"510 Corporate Dr H, Escondido, CA 92029",plumber,socal,,google
Irvine Plumbing & Drain,irvine-plumbing-drain-irvine,home_services,"3349 Michelson Dr, Irvine, CA 92612",Irvine,(949) 850-4471,,no_website_listed,google_places,approved,approved,Google Places: no website listed,https://maps.google.com/?cid=7642443046119945547&g_mp=Cidnb29nbGUubWFwcy5wbGFjZXMudjEuUGxhY2VzLlNlYXJjaFRleHQQAhgEIAA,,(949) 850-4471,"3349 Michelson Dr, Irvine, CA 92612",plumber,socal,,google
J & A Plumbing,j-a-plumbing-imperial,home_services,"325 S P St, Imperial, CA 92251",Imperial,(760) 679-7379,,no_website_listed,google_places,approved,approved,Google Places: no website listed,https://maps.google.com/?cid=12030313650985746881&g_mp=Cidnb29nbGUubWFwcy5wbGFjZXMudjEuUGxhY2VzLlNlYXJjaFRleHQQAhgEIAA,,(760) 679-7379,"325 S P St, Imperial, CA 92251",plumber,socal,,google
J. Diaz plumbing,j-diaz-plumbing-pomona,home_services,"1235 W Fernleaf Ave, Pomona, CA 91766",Pomona,(909) 236-3867,,no_website_listed,google_places,approved,approved,Google Places: no website listed,https://maps.google.com/?cid=7032396170499296011&g_mp=Cidnb29nbGUubWFwcy5wbGFjZXMudjEuUGxhY2VzLlNlYXJjaFRleHQQAhgEIAA,,(909) 236-3867,"1235 W Fernleaf Ave, Pomona, CA 91766",plumber,socal,,google
JD PLUMBING SERVICES,jd-plumbing-services-perris,home_services,"20395 Woodward St, Perris, CA 92570",Perris,(951) 287-0810,,no_website_listed,google_places,approved,approved,Google Places: no website listed,https://maps.google.com/?cid=436986787891076040&g_mp=Cidnb29nbGUubWFwcy5wbGFjZXMudjEuUGxhY2VzLlNlYXJjaFRleHQQAhgEIAA,,(951) 287-0810,"20395 Woodward St, Perris, CA 92570",plumber,socal,,google
"Jacot Plumbing, Inc.",jacot-plumbing-inc-garden-grove,home_services,"11661 Salinaz Dr, Garden Grove, CA 92843",Garden Grove,(714) 531-0313,https://jacotplumbing.com/,website_url_not_reachable,google_places,rejected,rejected_has_website,Live website found via google: https://jacotplumbing.com/. Google Places lists website: https://jacotplumbing.com/,https://maps.google.com/?cid=9007254173370262896&g_mp=Cidnb29nbGUubWFwcy5wbGFjZXMudjEuUGxhY2VzLlNlYXJjaFRleHQQAhgEIAA,https://jacotplumbing.com/,(714) 531-0313,"11661 Salinaz Dr, Garden Grove, CA 92843",plumber,socal,,google
John Murray Plumbing,john-murray-plumbing-canyon-country,home_services,"16387 Sierra Hwy, Canyon Country, CA 91351",Canyon Country,(661) 251-5646,http://www.johnmurrayplumbing.com/,website_url_not_reachable,google_places,rejected,rejected_has_website,Live website found via google: http://www.johnmurrayplumbing.com/. Google Places lists website: http://www.johnmurrayplumbing.com/,https://maps.google.com/?cid=1208971525518447482&g_mp=Cidnb29nbGUubWFwcy5wbGFjZXMudjEuUGxhY2VzLlNlYXJjaFRleHQQAhgEIAA,http://www.johnmurrayplumbing.com/,(661) 251-5646,"16387 Sierra Hwy, Canyon Country, CA 91351",plumber,socal,,google
John Riordan Plumbing Inc🔧,john-riordan-plumbing-inc-culver-city,home_services,"9623 Venice Blvd., Culver City, CA 90232",Culver City,(310) 838-4656,,no_website_listed,google_places,approved,approved,Google Places: no website listed,https://maps.google.com/?cid=10001665215924975006&g_mp=Cidnb29nbGUubWFwcy5wbGFjZXMudjEuUGxhY2VzLlNlYXJjaFRleHQQAhgEIAA,,(310) 838-4656,"9623 Venice Blvd., Culver City, CA 90232",plumber,socal,,google
John's Plumbing & Rooter,john-s-plumbing-rooter-hesperia,home_services,"13771 Mojave St, Hesperia, CA 92345",Hesperia,(760) 694-0151,https://www.johnsplumbing760.com/,website_url_not_reachable,google_places,rejected,rejected_has_website,Live website found via google: https://www.johnsplumbing760.com/. Google Places lists website: https://www.johnsplumbing760.com/,https://maps.google.com/?cid=16098224267098402231&g_mp=Cidnb29nbGUubWFwcy5wbGFjZXMudjEuUGxhY2VzLlNlYXJjaFRleHQQAhgEIAA,https://www.johnsplumbing760.com/,(760) 694-0151,"13771 Mojave St, Hesperia, CA 92345",plumber,socal,,google
Johnny's Plumbing and Drain,johnny-s-plumbing-and-drain-goleta,home_services,"7450 San Bergamo Dr, Goleta, CA 93117",Goleta,(805) 895-5438,,no_website_listed,google_places,approved,approved,Google Places: no website listed,https://maps.google.com/?cid=17391220191161801914&g_mp=Cidnb29nbGUubWFwcy5wbGFjZXMudjEuUGxhY2VzLlNlYXJjaFRleHQQAhgEIAA,,(805) 895-5438,"7450 San Bergamo Dr, Goleta, CA 93117",plumber,socal,,google
John’sSon's Plumbing Service,john-sson-s-plumbing-service-monrovia,home_services,"139 E Foothill Blvd, Monrovia, CA 91016",Monrovia,(626) 359-3429,,no_website_listed,google_places,approved,approved,Google Places: no website listed,https://maps.google.com/?cid=5422054107020079075&g_mp=Cidnb29nbGUubWFwcy5wbGFjZXMudjEuUGxhY2VzLlNlYXJjaFRleHQQAhgEIAA,,(626) 359-3429,"139 E Foothill Blvd, Monrovia, CA 91016",plumber,socal,,google
Joseph A.Davidson Plumbing,joseph-a-davidson-plumbing-culver-city,home_services,"11379 Playa St, Culver City, CA 90230",Culver City,(310) 390-5907,,no_website_listed,google_places,approved,approved,Google Places: no website listed,https://maps.google.com/?cid=5987051805006641353&g_mp=Cidnb29nbGUubWFwcy5wbGFjZXMudjEuUGxhY2VzLlNlYXJjaFRleHQQAhgEIAA,,(310) 390-5907,"11379 Playa St, Culver City, CA 90230",plumber,socal,,google
Jumping Jack Plumbing,jumping-jack-plumbing-victorville,home_services,"12779 Cobalt Rd, Victorville, CA 92392",Victorville,(760) 953-3806,http://jumpingjackplumbing.com/,website_url_not_reachable,google_places,rejected,rejected_has_website,Live website found via google: http://jumpingjackplumbing.com/. Google Places lists website: http://jumpingjackplumbing.com/,https://maps.google.com/?cid=10159945063283203242&g_mp=Cidnb29nbGUubWFwcy5wbGFjZXMudjEuUGxhY2VzLlNlYXJjaFRleHQQAhgEIAA,http://jumpingjackplumbing.com/,(760) 953-3806,"12779 Cobalt Rd, Victorville, CA 92392",plumber,socal,,google
Justin Jackson's plumbing services,justin-jackson-s-plumbing-services-arroyo-grande,home_services,"724 Albert Way, Arroyo Grande, CA 93420",Arroyo Grande,(805) 503-0921,,no_website_listed,google_places,approved,approved,Google Places: no website listed,https://maps.google.com/?cid=4058068518260168246&g_mp=Cidnb29nbGUubWFwcy5wbGFjZXMudjEuUGxhY2VzLlNlYXJjaFRleHQQAhgEIAA,,(805) 503-0921,"724 Albert Way, Arroyo Grande, CA 93420",plumber,socal,,google
"Kevin Shaw Plumbing, Inc.",kevin-shaw-plumbing-inc-monrovia,home_services,"224 E Foothill Blvd, Monrovia, CA 91016",Monrovia,(626) 359-1864,https://www.kevinshawplumbing.com/?utm_source=google&utm_medium=organic&utm_campaign=gbp,website_url_not_reachable,google_places,rejected,rejected_has_website,Live website found via google: https://www.kevinshawplumbing.com/?utm_source=google&utm_medium=organic&utm_campaign=gbp. Google Places lists website: https://www.kevinshawplumbing.com/?utm_source=google&utm_medium=organic&utm_campaign=gbp,https://maps.google.com/?cid=15933735042287320999&g_mp=Cidnb29nbGUubWFwcy5wbGFjZXMudjEuUGxhY2VzLlNlYXJjaFRleHQQAhgEIAA,https://www.kevinshawplumbing.com/?utm_source=google&utm_medium=organic&utm_campaign=gbp,(626) 359-1864,"224 E Foothill Blvd, Monrovia, CA 91016",plumber,socal,,google
La Habra Plumber's,la-habra-plumber-s-la-habra,home_services,"250 N Harbor Blvd #3424, La Habra, CA 90631",La Habra,(562) 553-3424,,no_website_listed,google_places,approved,approved,Google Places: no website listed,https://maps.google.com/?cid=2372390829204668228&g_mp=Cidnb29nbGUubWFwcy5wbGFjZXMudjEuUGxhY2VzLlNlYXJjaFRleHQQAhgEIAA,,(562) 553-3424,"250 N Harbor Blvd #3424, La Habra, CA 90631",plumber,socal,,google
Lake Plumbing & Leak Detection,lake-plumbing-leak-detection-lakeside,home_services,"9710 Winter Gdns Blvd #15, Lakeside, CA 92040",Lakeside,(619) 536-0887,,no_website_listed,google_places,approved,approved,Google Places: no website listed,https://maps.google.com/?cid=6757842693972963168&g_mp=Cidnb29nbGUubWFwcy5wbGFjZXMudjEuUGxhY2VzLlNlYXJjaFRleHQQAhgEIAA,,(619) 536-0887,"9710 Winter Gdns Blvd #15, Lakeside, CA 92040",plumber,socal,,google
"Lang's Plumbing & Rooter, LLC",lang-s-plumbing-rooter-llc-west-covina,home_services,"1730 W Cameron Ave, West Covina, CA 91790",West Covina,(626) 324-2575,http://langplumbingservices.godaddysites.com/,social_or_directory_only,google_places,approved,approved,Google website is social/directory only: http://langplumbingservices.godaddysites.com/,https://maps.google.com/?cid=14956578371728784343&g_mp=Cidnb29nbGUubWFwcy5wbGFjZXMudjEuUGxhY2VzLlNlYXJjaFRleHQQAhgEIAA,http://langplumbingservices.godaddysites.com/,(626) 324-2575,"1730 W Cameron Ave, West Covina, CA 91790",plumber,socal,http://langplumbingservices.godaddysites.com/,google
Le Plumbing Encinitas,le-plumbing-encinitas-encinitas,home_services,"477 N El Camino Real #106, Encinitas, CA 92024",Encinitas,(442) 357-1953,,no_website_listed,google_places,approved,approved,Google Places: no website listed,https://maps.google.com/?cid=4892484036631220789&g_mp=Cidnb29nbGUubWFwcy5wbGFjZXMudjEuUGxhY2VzLlNlYXJjaFRleHQQAhgEIAA,,(442) 357-1953,"477 N El Camino Real #106, Encinitas, CA 92024",plumber,socal,,google
Lincoln Industries Plumbing,lincoln-industries-plumbing-culver-city,home_services,"10920 Aletta Ave, Culver City, CA 90232",Culver City,(310) 845-5278,https://sites.google.com/view/lincoln-industries-plumbing/home,social_or_directory_only,google_places,approved,approved,Google website is social/directory only: https://sites.google.com/view/lincoln-industries-plumbing/home,https://maps.google.com/?cid=14964679956851453723&g_mp=Cidnb29nbGUubWFwcy5wbGFjZXMudjEuUGxhY2VzLlNlYXJjaFRleHQQAhgEIAA,https://sites.google.com/view/lincoln-industries-plumbing/home,(310) 845-5278,"10920 Aletta Ave, Culver City, CA 90232",plumber,socal,https://sites.google.com/view/lincoln-industries-plumbing/home,google
Los Angeles Plumbing,los-angeles-plumbing-lancaster,home_services,"1025 W Newgrove St, Lancaster, CA 93534",Lancaster,(213) 573-5274,http://www.thelosangelesplumbingcompany.com/,website_url_not_reachable,google_places,rejected,rejected_has_website,Live website found via google: http://www.thelosangelesplumbingcompany.com/. Google Places lists website: http://www.thelosangelesplumbingcompany.com/,https://maps.google.com/?cid=2433901908104807401&g_mp=Cidnb29nbGUubWFwcy5wbGFjZXMudjEuUGxhY2VzLlNlYXJjaFRleHQQAhgEIAA,http://www.thelosangelesplumbingcompany.com/,(213) 573-5274,"1025 W Newgrove St, Lancaster, CA 93534",plumber,socal,,google
Los Angeles Plumbing Pros,los-angeles-plumbing-pros-los-angeles,home_services,"1901 E Gage Ave, Los Angeles, CA 90001",Los Angeles,(310) 861-9785,,no_website_listed,google_places,approved,approved,Google Places: no website listed,https://maps.google.com/?cid=3035142717290540271&g_mp=Cidnb29nbGUubWFwcy5wbGFjZXMudjEuUGxhY2VzLlNlYXJjaFRleHQQAhgEIAA,,(310) 861-9785,"1901 E Gage Ave, Los Angeles, CA 90001",plumber,socal,,google
Mann Plumbing,mann-plumbing-santee,home_services,"10555 Prospect Ave, Santee, CA 92071",Santee,,,no_website_listed,google_places,approved,approved,Google Places: no website listed,https://maps.google.com/?cid=3523933181325677428&g_mp=Cidnb29nbGUubWFwcy5wbGFjZXMudjEuUGxhY2VzLlNlYXJjaFRleHQQAhgEIAA,,,"10555 Prospect Ave, Santee, CA 92071",plumber,socal,,google
Master Plumbers Inglewood,master-plumbers-inglewood-inglewood,home_services,"5527 W 118th St, Inglewood, CA 90304",Inglewood,(323) 639-5137,,no_website_listed,google_places,approved,approved,Google Places: no website listed,https://maps.google.com/?cid=5464408531953646779&g_mp=Cidnb29nbGUubWFwcy5wbGFjZXMudjEuUGxhY2VzLlNlYXJjaFRleHQQAhgEIAA,,(323) 639-5137,"5527 W 118th St, Inglewood, CA 90304",plumber,socal,,google
Master Pro Restoration & Plumbing,master-pro-restoration-plumbing-el-centro,home_services,"1003 Industry Way F, El Centro, CA 92243",El Centro,(866) 839-5536,https://www.masterproflood.com/?utm_campaign=gmb,website_url_not_reachable,google_places,rejected,rejected_has_website,Live website found via google: https://www.masterproflood.com/?utm_campaign=gmb. Google Places lists website: https://www.masterproflood.com/?utm_campaign=gmb,https://maps.google.com/?cid=3949070828130770760&g_mp=Cidnb29nbGUubWFwcy5wbGFjZXMudjEuUGxhY2VzLlNlYXJjaFRleHQQAhgEIAA,https://www.masterproflood.com/?utm_campaign=gmb,(866) 839-5536,"1003 Industry Way F, El Centro, CA 92243",plumber,socal,,google
Monrovia Canyon Plumbing,monrovia-canyon-plumbing-monrovia,home_services,"117 W Foothill Blvd, Monrovia, CA 91016",Monrovia,(626) 540-1451,,no_website_listed,google_places,approved,approved,Google Places: no website listed,https://maps.google.com/?cid=12848207366302242000&g_mp=Cidnb29nbGUubWFwcy5wbGFjZXMudjEuUGxhY2VzLlNlYXJjaFRleHQQAhgEIAA,,(626) 540-1451,"117 W Foothill Blvd, Monrovia, CA 91016",plumber,socal,,google
Monster Rooter,monster-rooter-rosamond,home_services,"1048 W Rosamond Blvd, Rosamond, CA 93560",Rosamond,(661) 886-2945,https://www.facebook.com/MonsterRooter,social_or_directory_only,google_places,approved,approved,Google website is social/directory only: https://www.facebook.com/MonsterRooter,https://maps.google.com/?cid=14754360968186858617&g_mp=Cidnb29nbGUubWFwcy5wbGFjZXMudjEuUGxhY2VzLlNlYXJjaFRleHQQAhgEIAA,https://www.facebook.com/MonsterRooter,(661) 886-2945,"1048 W Rosamond Blvd, Rosamond, CA 93560",plumber,socal,https://www.facebook.com/MonsterRooter,google
Morrow Plumbing,morrow-plumbing-lake-elsinore,home_services,"212 W Graham Ave, Lake Elsinore, CA 92530",Lake Elsinore,(951) 674-1446,,no_website_listed,google_places,approved,approved,Google Places: no website listed,https://maps.google.com/?cid=19208800569051620&g_mp=Cidnb29nbGUubWFwcy5wbGFjZXMudjEuUGxhY2VzLlNlYXJjaFRleHQQAhgEIAA,,(951) 674-1446,"212 W Graham Ave, Lake Elsinore, CA 92530",plumber,socal,,google
Mr G Plumbing,mr-g-plumbing-indio,home_services,"81133 Red Bluff Rd, Indio, CA 92201",Indio,(760) 619-0564,,no_website_listed,google_places,approved,approved,Google Places: no website listed,https://maps.google.com/?cid=17829990579305950851&g_mp=Cidnb29nbGUubWFwcy5wbGFjZXMudjEuUGxhY2VzLlNlYXJjaFRleHQQAhgEIAA,,(760) 619-0564,"81133 Red Bluff Rd, Indio, CA 92201",plumber,socal,,google
Mr. Harris Plumbing and Handyman Services,mr-harris-plumbing-and-handyman-services-hawthorne,home_services,"14530 Lemoli Ave, Hawthorne, CA 90250",Hawthorne,(323) 385-0210,,no_website_listed,google_places,approved,approved,Google Places: no website listed,https://maps.google.com/?cid=1781422262470936034&g_mp=Cidnb29nbGUubWFwcy5wbGFjZXMudjEuUGxhY2VzLlNlYXJjaFRleHQQAhgEIAA,,(323) 385-0210,"14530 Lemoli Ave, Hawthorne, CA 90250",plumber,socal,,google
Murphy and Son's Plumbing,murphy-and-son-s-plumbing-yorba-linda,home_services,"5731 Whitewater St, Yorba Linda, CA 92887",Yorba Linda,(714) 374-6061,,no_website_listed,google_places,approved,approved,Google Places: no website listed,https://maps.google.com/?cid=15313356749073639707&g_mp=Cidnb29nbGUubWFwcy5wbGFjZXMudjEuUGxhY2VzLlNlYXJjaFRleHQQAhgEIAA,,(714) 374-6061,"5731 Whitewater St, Yorba Linda, CA 92887",plumber,socal,,google
My Dad's Plumbing,my-dad-s-plumbing-san-dimas,home_services,"950 W Cienega Ave, San Dimas, CA 91773",San Dimas,(909) 542-9394,http://www.mydadsplumbing.com/,website_url_not_reachable,google_places,rejected,rejected_has_website,Live website found via google: http://www.mydadsplumbing.com/. Google Places lists website: http://www.mydadsplumbing.com/,https://maps.google.com/?cid=7110081274653786437&g_mp=Cidnb29nbGUubWFwcy5wbGFjZXMudjEuUGxhY2VzLlNlYXJjaFRleHQQAhgEIAA,http://www.mydadsplumbing.com/,(909) 542-9394,"950 W Cienega Ave, San Dimas, CA 91773",plumber,socal,,google
My Plumber,my-plumber-victorville,home_services,"14580 La Mesa Rd, Victorville, CA 92392",Victorville,(760) 987-7872,,no_website_listed,google_places,approved,approved,Google Places: no website listed,https://maps.google.com/?cid=10482381726136503233&g_mp=Cidnb29nbGUubWFwcy5wbGFjZXMudjEuUGxhY2VzLlNlYXJjaFRleHQQAhgEIAA,,(760) 987-7872,"14580 La Mesa Rd, Victorville, CA 92392",plumber,socal,,google
Nick Allen Plumbing,nick-allen-plumbing-san-clemente,home_services,"2825 Riachuelo, San Clemente, CA 92673",San Clemente,(949) 309-1785,https://sites.google.com/view/nick-allen-plumbing/home,social_or_directory_only,google_places,approved,approved,Google website is social/directory only: https://sites.google.com/view/nick-allen-plumbing/home,https://maps.google.com/?cid=11713731124096041698&g_mp=Cidnb29nbGUubWFwcy5wbGFjZXMudjEuUGxhY2VzLlNlYXJjaFRleHQQAhgEIAA,https://sites.google.com/view/nick-allen-plumbing/home,(949) 309-1785,"2825 Riachuelo, San Clemente, CA 92673",plumber,socal,https://sites.google.com/view/nick-allen-plumbing/home,google
Night Owl Plumbing & Rooter,night-owl-plumbing-rooter-santa-ana,home_services,"1233 S Wright St, Santa Ana, CA 92705",Santa Ana,(951) 870-8263,https://nightowlplumbingandrooter.com/,website_url_not_reachable,google_places,rejected,rejected_has_website,Live website found via google: https://nightowlplumbingandrooter.com/. Google Places lists website: https://nightowlplumbingandrooter.com/,https://maps.google.com/?cid=9181260620300112945&g_mp=Cidnb29nbGUubWFwcy5wbGFjZXMudjEuUGxhY2VzLlNlYXJjaFRleHQQAhgEIAA,https://nightowlplumbingandrooter.com/,(951) 870-8263,"1233 S Wright St, Santa Ana, CA 92705",plumber,socal,,google
OC Plumbing,oc-plumbing-brea,home_services,"371 Oak Pl suite d, Brea, CA 92821",Brea,(714) 256-2324,,no_website_listed,google_places,approved,approved,Google Places: no website listed,https://maps.google.com/?cid=15660438971832484685&g_mp=Cidnb29nbGUubWFwcy5wbGFjZXMudjEuUGxhY2VzLlNlYXJjaFRleHQQAhgEIAA,,(714) 256-2324,"371 Oak Pl suite d, Brea, CA 92821",plumber,socal,,google
Oceanside Plumbing And Drain,oceanside-plumbing-and-drain-oceanside,home_services,"2171 S El Camino Real #204, Oceanside, CA 92054",Oceanside,(442) 333-1606,,no_website_listed,google_places,approved,approved,Google Places: no website listed,https://maps.google.com/?cid=12936973817423788110&g_mp=Cidnb29nbGUubWFwcy5wbGFjZXMudjEuUGxhY2VzLlNlYXJjaFRleHQQAhgEIAA,,(442) 333-1606,"2171 S El Camino Real #204, Oceanside, CA 92054",plumber,socal,,google
On Time Rooter And Plumbing,on-time-rooter-and-plumbing-pico-rivera,home_services,"3669 San Gabriel River Pkwy, Pico Rivera, CA 90660",Pico Rivera,(626) 977-4871,,no_website_listed,google_places,approved,approved,Google Places: no website listed,https://maps.google.com/?cid=4005138105548798317&g_mp=Cidnb29nbGUubWFwcy5wbGFjZXMudjEuUGxhY2VzLlNlYXJjaFRleHQQAhgEIAA,,(626) 977-4871,"3669 San Gabriel River Pkwy, Pico Rivera, CA 90660",plumber,socal,,google
One Stop Water Heater Solutions,one-stop-water-heater-solutions-bellflower,home_services,"9446 Park St, Bellflower, CA 90706",Bellflower,(562) 302-1017,http://onestopwaterheater.com/,website_url_not_reachable,google_places,rejected,rejected_has_website,Live website found via google: http://onestopwaterheater.com/. Google Places lists website: http://onestopwaterheater.com/,https://maps.google.com/?cid=17537970574099874286&g_mp=Cidnb29nbGUubWFwcy5wbGFjZXMudjEuUGxhY2VzLlNlYXJjaFRleHQQAhgEIAA,http://onestopwaterheater.com/,(562) 302-1017,"9446 Park St, Bellflower, CA 90706",plumber,socal,,google
Osborne Co,osborne-co-moreno-valley,home_services,"16067 Sunnymead Boulevard #177, Moreno Valley, CA 92553",Moreno Valley,(951) 418-2883,,no_website_listed,google_places,approved,approved,Google Places: no website listed,https://maps.google.com/?cid=9045227327611994293&g_mp=Cidnb29nbGUubWFwcy5wbGFjZXMudjEuUGxhY2VzLlNlYXJjaFRleHQQAhgEIAA,,(951) 418-2883,"16067 Sunnymead Boulevard #177, Moreno Valley, CA 92553",plumber,socal,,google
PDM Plumbing Services,pdm-plumbing-services-cathedral-city,home_services,"28763 Avenida Marquesa, Cathedral City, CA 92234",Cathedral City,(760) 325-3607,,no_website_listed,google_places,approved,approved,Google Places: no website listed,https://maps.google.com/?cid=15714275442091130064&g_mp=Cidnb29nbGUubWFwcy5wbGFjZXMudjEuUGxhY2VzLlNlYXJjaFRleHQQAhgEIAA,,(760) 325-3607,"28763 Avenida Marquesa, Cathedral City, CA 92234",plumber,socal,,google
PDS Plumbing Drain And Services,pds-plumbing-drain-and-services-calexico,home_services,"37 E 2nd St suite 2, Calexico, CA 92231",Calexico,(760) 886-3148,,no_website_listed,google_places,approved,approved,Google Places: no website listed,https://maps.google.com/?cid=9096117404643930189&g_mp=Cidnb29nbGUubWFwcy5wbGFjZXMudjEuUGxhY2VzLlNlYXJjaFRleHQQAhgEIAA,,(760) 886-3148,"37 E 2nd St suite 2, Calexico, CA 92231",plumber,socal,,google
Packard Plumbing,packard-plumbing-san-marcos,home_services,"1730 Elfin Forest Rd, San Marcos, CA 92078",San Marcos,(760) 822-1267,http://packardplumbing.com/?utm_source=gmb&utm_medium=referral,website_url_not_reachable,google_places,rejected,rejected_has_website,Live website found via google: http://packardplumbing.com/?utm_source=gmb&utm_medium=referral. Google Places lists website: http://packardplumbing.com/?utm_source=gmb&utm_medium=referral,https://maps.google.com/?cid=11272489316159708553&g_mp=Cidnb29nbGUubWFwcy5wbGFjZXMudjEuUGxhY2VzLlNlYXJjaFRleHQQAhgEIAA,http://packardplumbing.com/?utm_source=gmb&utm_medium=referral,(760) 822-1267,"1730 Elfin Forest Rd, San Marcos, CA 92078",plumber,socal,,google
Palafox plumbing,palafox-plumbing-hawthorne,home_services,"3655 W 132nd St, Hawthorne, CA 90250",Hawthorne,(424) 331-4558,https://palafoxplumbing.com/,website_url_not_reachable,google_places,rejected,rejected_has_website,Live website found via google: https://palafoxplumbing.com/. Google Places lists website: https://palafoxplumbing.com/,https://maps.google.com/?cid=1303039925027962998&g_mp=Cidnb29nbGUubWFwcy5wbGFjZXMudjEuUGxhY2VzLlNlYXJjaFRleHQQAhgEIAA,https://palafoxplumbing.com/,(424) 331-4558,"3655 W 132nd St, Hawthorne, CA 90250",plumber,socal,,google
Palmdale Plumbers & Drain Pro,palmdale-plumbers-drain-pro-palmdale,home_services,"3875 Rancho Vista Blvd #101, Palmdale, CA 93551",Palmdale,(661) 512-0789,,no_website_listed,google_places,approved,approved,Google Places: no website listed,https://maps.google.com/?cid=12738802252243554748&g_mp=Cidnb29nbGUubWFwcy5wbGFjZXMudjEuUGxhY2VzLlNlYXJjaFRleHQQAhgEIAA,,(661) 512-0789,"3875 Rancho Vista Blvd #101, Palmdale, CA 93551",plumber,socal,,google
Pieper Plumbing,pieper-plumbing-fallbrook,home_services,"3649 Laketree Dr, Fallbrook, CA 92028",Fallbrook,(760) 936-6865,http://www.pieperplumbing.net/,website_url_not_reachable,google_places,rejected,rejected_has_website,Live website found via google: http://www.pieperplumbing.net/. Google Places lists website: http://www.pieperplumbing.net/,https://maps.google.com/?cid=4189532431530780611&g_mp=Cidnb29nbGUubWFwcy5wbGFjZXMudjEuUGxhY2VzLlNlYXJjaFRleHQQAhgEIAA,http://www.pieperplumbing.net/,(760) 936-6865,"3649 Laketree Dr, Fallbrook, CA 92028",plumber,socal,,google
Pipe Plumbing and Drain Cleaning,pipe-plumbing-and-drain-cleaning-aliso-viejo,home_services,"15 Enterprise, Aliso Viejo, CA 92656",Aliso Viejo,(949) 816-0319,https://pipeplumbingdrain.com/,website_url_not_reachable,google_places,rejected,rejected_has_website,Live website found via google: https://pipeplumbingdrain.com/. Google Places lists website: https://pipeplumbingdrain.com/,https://maps.google.com/?cid=3249179761114913139&g_mp=Cidnb29nbGUubWFwcy5wbGFjZXMudjEuUGxhY2VzLlNlYXJjaFRleHQQAhgEIAA,https://pipeplumbingdrain.com/,(949) 816-0319,"15 Enterprise, Aliso Viejo, CA 92656",plumber,socal,,google
Plumb Force,plumb-force-chino,home_services,"5670 Schaefer Ave suite K, Chino, CA 91710",Chino,(909) 551-2305,https://www.plumbforce1.com/,website_url_not_reachable,google_places,rejected,rejected_has_website,Live website found via google: https://www.plumbforce1.com/. Google Places lists website: https://www.plumbforce1.com/,https://maps.google.com/?cid=3433012030333402547&g_mp=Cidnb29nbGUubWFwcy5wbGFjZXMudjEuUGxhY2VzLlNlYXJjaFRleHQQAhgEIAA,https://www.plumbforce1.com/,(909) 551-2305,"5670 Schaefer Ave suite K, Chino, CA 91710",plumber,socal,,google
Plumb Geeks,plumb-geeks-apple-valley,home_services,"21034 Wisteria St, Apple Valley, CA 92308",Apple Valley,(760) 561-2414,,no_website_listed,google_places,approved,approved,Google Places: no website listed,https://maps.google.com/?cid=361378027478248304&g_mp=Cidnb29nbGUubWFwcy5wbGFjZXMudjEuUGxhY2VzLlNlYXJjaFRleHQQAhgEIAA,,(760) 561-2414,"21034 Wisteria St, Apple Valley, CA 92308",plumber,socal,,google
Plumber & Toilet Unclogging Pros National City,plumber-toilet-unclogging-pros-national-city-national-city,home_services,"2605 Hoover Ave, National City, CA 91950",National City,(619) 616-2961,,no_website_listed,google_places,approved,approved,Google Places: no website listed,https://maps.google.com/?cid=11625927490853220112&g_mp=Cidnb29nbGUubWFwcy5wbGFjZXMudjEuUGxhY2VzLlNlYXJjaFRleHQQAhgEIAA,,(619) 616-2961,"2605 Hoover Ave, National City, CA 91950",plumber,socal,,google
"Plumber Downey, Downey Plumbing, Best-1",plumber-downey-downey-plumbing-best-1-downey,home_services,"10262 Belcher St, Downey, CA 90242",Downey,(562) 455-4945,,no_website_listed,google_places,approved,approved,Google Places: no website listed,https://maps.google.com/?cid=1764076976527023771&g_mp=Cidnb29nbGUubWFwcy5wbGFjZXMudjEuUGxhY2VzLlNlYXJjaFRleHQQAhgEIAA,,(562) 455-4945,"10262 Belcher St, Downey, CA 90242",plumber,socal,,google
"Plumber South Gate, Rescue Plumbing",plumber-south-gate-rescue-plumbing-south-gate,home_services,"10711 Amery Ave, South Gate, CA 90280",South Gate,(562) 758-1408,,no_website_listed,google_places,approved,approved,Google Places: no website listed,https://maps.google.com/?cid=12687587623357855937&g_mp=Cidnb29nbGUubWFwcy5wbGFjZXMudjEuUGxhY2VzLlNlYXJjaFRleHQQAhgEIAA,,(562) 758-1408,"10711 Amery Ave, South Gate, CA 90280",plumber,socal,,google
Plumberland Emergency Plumbing Land Commerce,plumberland-emergency-plumbing-land-commerce-commerce,home_services,"5702 Jillson St, Commerce, CA 90040",Commerce,(747) 245-1788,https://www.plumberlandla.com/,website_url_not_reachable,google_places,rejected,rejected_has_website,Live website found via google: https://www.plumberlandla.com/. Google Places lists website: https://www.plumberlandla.com/,https://maps.google.com/?cid=3543326260937546590&g_mp=Cidnb29nbGUubWFwcy5wbGFjZXMudjEuUGxhY2VzLlNlYXJjaFRleHQQAhgEIAA,https://www.plumberlandla.com/,(747) 245-1788,"5702 Jillson St, Commerce, CA 90040",plumber,socal,,google
Plumbers Hub LLC,plumbers-hub-llc-ontario,home_services,"1709 S Helen Ave, Ontario, CA 91762",Ontario,(626) 626-3693,https://plumbershubllc.com/,website_url_not_reachable,google_places,rejected,rejected_has_website,Live website found via google: https://plumbershubllc.com/. Google Places lists website: https://plumbershubllc.com/,https://maps.google.com/?cid=3146078329806500144&g_mp=Cidnb29nbGUubWFwcy5wbGFjZXMudjEuUGxhY2VzLlNlYXJjaFRleHQQAhgEIAA,https://plumbershubllc.com/,(626) 626-3693,"1709 S Helen Ave, Ontario, CA 91762",plumber,socal,,google
Plumbing 4 All Plumbers Downey,plumbing-4-all-plumbers-downey-downey,home_services,"9032 Florence Ave, Downey, CA 90240",Downey,(562) 286-5765,,no_website_listed,google_places,approved,approved,Google Places: no website listed,https://maps.google.com/?cid=12534835482033334670&g_mp=Cidnb29nbGUubWFwcy5wbGFjZXMudjEuUGxhY2VzLlNlYXJjaFRleHQQAhgEIAA,,(562) 286-5765,"9032 Florence Ave, Downey, CA 90240",plumber,socal,,google
Plumbing Costa Mesa & Drain Clean,plumbing-costa-mesa-drain-clean-costa-mesa,home_services,"217 E Wilson St, Costa Mesa, CA 92627",Costa Mesa,(657) 600-3234,,no_website_listed,google_places,approved,approved,Google Places: no website listed,https://maps.google.com/?cid=9732616708893915118&g_mp=Cidnb29nbGUubWFwcy5wbGFjZXMudjEuUGxhY2VzLlNlYXJjaFRleHQQAhgEIAA,,(657) 600-3234,"217 E Wilson St, Costa Mesa, CA 92627",plumber,socal,,google
Plumbing Master,plumbing-master-baldwin-park,home_services,"14248 Dalewood St, Baldwin Park, CA 91706",Baldwin Park,(866) 411-7586,,no_website_listed,google_places,approved,approved,Google Places: no website listed,https://maps.google.com/?cid=13383276693572623912&g_mp=Cidnb29nbGUubWFwcy5wbGFjZXMudjEuUGxhY2VzLlNlYXJjaFRleHQQAhgEIAA,,(866) 411-7586,"14248 Dalewood St, Baldwin Park, CA 91706",plumber,socal,,google
Plumbing On Time,plumbing-on-time-fountain-valley,home_services,"10540 Talbert Ave #163, Fountain Valley, CA 92708",Fountain Valley,(657) 271-2012,,no_website_listed,google_places,approved,approved,Google Places: no website listed,https://maps.google.com/?cid=956600383863681620&g_mp=Cidnb29nbGUubWFwcy5wbGFjZXMudjEuUGxhY2VzLlNlYXJjaFRleHQQAhgEIAA,,(657) 271-2012,"10540 Talbert Ave #163, Fountain Valley, CA 92708",plumber,socal,,google
Plumbing Wholesale Outlet,plumbing-wholesale-outlet-monrovia,home_services,"1222 S Myrtle Ave, Monrovia, CA 91016",Monrovia,(626) 256-0081,https://www.pwooutlet.com/,website_url_not_reachable,google_places,rejected,rejected_has_website,Live website found via google: https://www.pwooutlet.com/. Google Places lists website: https://www.pwooutlet.com/,https://maps.google.com/?cid=17474435689318063557&g_mp=Cidnb29nbGUubWFwcy5wbGFjZXMudjEuUGxhY2VzLlNlYXJjaFRleHQQAhgEIAA,https://www.pwooutlet.com/,(626) 256-0081,"1222 S Myrtle Ave, Monrovia, CA 91016",plumber,socal,,google
Plumbing by Tony,plumbing-by-tony-huntington-beach,home_services,"20332 Brentstone Ln, Huntington Beach, CA 92646",Huntington Beach,(714) 330-1251,https://plumbingbytony.com/,website_url_not_reachable,google_places,rejected,rejected_has_website,Live website found via google: https://plumbingbytony.com/. Google Places lists website: https://plumbingbytony.com/,https://maps.google.com/?cid=7414443243000639719&g_mp=Cidnb29nbGUubWFwcy5wbGFjZXMudjEuUGxhY2VzLlNlYXJjaFRleHQQAhgEIAA,https://plumbingbytony.com/,(714) 330-1251,"20332 Brentstone Ln, Huntington Beach, CA 92646",plumber,socal,,google
Pomona Plumbing & Drain,pomona-plumbing-drain-pomona,home_services,"436 W 4th St #100, Pomona, CA 91766",Pomona,(840) 226-2695,,no_website_listed,google_places,approved,approved,Google Places: no website listed,https://maps.google.com/?cid=1789819016293356577&g_mp=Cidnb29nbGUubWFwcy5wbGFjZXMudjEuUGxhY2VzLlNlYXJjaFRleHQQAhgEIAA,,(840) 226-2695,"436 W 4th St #100, Pomona, CA 91766",plumber,socal,,google
Poseidon Plumbing,poseidon-plumbing-irvine,home_services,"17 Fulton, Irvine, CA 92620",Irvine,(714) 713-2030,,no_website_listed,google_places,approved,approved,Google Places: no website listed,https://maps.google.com/?cid=15285871217951106019&g_mp=Cidnb29nbGUubWFwcy5wbGFjZXMudjEuUGxhY2VzLlNlYXJjaFRleHQQAhgEIAA,,(714) 713-2030,"17 Fulton, Irvine, CA 92620",plumber,socal,,google
Postiff Plumbing and Drains,postiff-plumbing-and-drains-huntington-beach,home_services,"418 16th St, Huntington Beach, CA 92648",Huntington Beach,(714) 907-3078,,no_website_listed,google_places,approved,approved,Google Places: no website listed,https://maps.google.com/?cid=11072830933714201239&g_mp=Cidnb29nbGUubWFwcy5wbGFjZXMudjEuUGxhY2VzLlNlYXJjaFRleHQQAhgEIAA,,(714) 907-3078,"418 16th St, Huntington Beach, CA 92648",plumber,socal,,google
Prime Plumber Thousand Oaks,prime-plumber-thousand-oaks-thousand-oaks,home_services,"2315 Michael Dr, Thousand Oaks, CA 91320",Thousand Oaks,(805) 719-3689,http://primeplumberthousandoaks.com/,website_url_not_reachable,google_places,rejected,rejected_has_website,Live website found via google: http://primeplumberthousandoaks.com/. Google Places lists website: http://primeplumberthousandoaks.com/,https://maps.google.com/?cid=1388859585039854720&g_mp=Cidnb29nbGUubWFwcy5wbGFjZXMudjEuUGxhY2VzLlNlYXJjaFRleHQQAhgEIAA,http://primeplumberthousandoaks.com/,(805) 719-3689,"2315 Michael Dr, Thousand Oaks, CA 91320",plumber,socal,,google
Prime Plumber Yorba Linda,prime-plumber-yorba-linda-yorba-linda,home_services,"18292 Yorba Linda Blvd, Yorba Linda, CA 92886",Yorba Linda,(714) 975-8724,,no_website_listed,google_places,approved,approved,Google Places: no website listed,https://maps.google.com/?cid=8158345782472923855&g_mp=Cidnb29nbGUubWFwcy5wbGFjZXMudjEuUGxhY2VzLlNlYXJjaFRleHQQAhgEIAA,,(714) 975-8724,"18292 Yorba Linda Blvd, Yorba Linda, CA 92886",plumber,socal,,google
Prime Plumbers Whittier,prime-plumbers-whittier-whittier,home_services,"15022 La Mirada Blvd, Whittier, CA 90604",Whittier,(562) 358-5607,,no_website_listed,google_places,approved,approved,Google Places: no website listed,https://maps.google.com/?cid=2987322726264192726&g_mp=Cidnb29nbGUubWFwcy5wbGFjZXMudjEuUGxhY2VzLlNlYXJjaFRleHQQAhgEIAA,,(562) 358-5607,"15022 La Mirada Blvd, Whittier, CA 90604",plumber,socal,,google
PrimeFix Plumbing Cerritos CA,primefix-plumbing-cerritos-ca-cerritos,home_services,"12847 Towne Center Dr, Cerritos, CA 90703",Cerritos,(424) 358-2617,https://platinumpipeexperts.com/,website_url_not_reachable,google_places,rejected,rejected_has_website,Live website found via google: https://platinumpipeexperts.com/. Google Places lists website: https://platinumpipeexperts.com/,https://maps.google.com/?cid=4952127469275486338&g_mp=Cidnb29nbGUubWFwcy5wbGFjZXMudjEuUGxhY2VzLlNlYXJjaFRleHQQAhgEIAA,https://platinumpipeexperts.com/,(424) 358-2617,"12847 Towne Center Dr, Cerritos, CA 90703",plumber,socal,,google
Priority Plumbers Costa Mesa,priority-plumbers-costa-mesa-costa-mesa,home_services,"1099 Baker St, Costa Mesa, CA 92626",Costa Mesa,(949) 401-6271,,no_website_listed,google_places,approved,approved,Google Places: no website listed,https://maps.google.com/?cid=14895518258668033017&g_mp=Cidnb29nbGUubWFwcy5wbGFjZXMudjEuUGxhY2VzLlNlYXJjaFRleHQQAhgEIAA,,(949) 401-6271,"1099 Baker St, Costa Mesa, CA 92626",plumber,socal,,google
Priority Plumbing Solutions,priority-plumbing-solutions-lancaster,home_services,"4306 W Ave L Suite 6, Lancaster, CA 93536",Lancaster,(661) 432-1272,http://priorityplumbings.com/,website_url_not_reachable,google_places,rejected,rejected_has_website,Live website found via google: http://priorityplumbings.com/. Google Places lists website: http://priorityplumbings.com/,https://maps.google.com/?cid=7858533115496605537&g_mp=Cidnb29nbGUubWFwcy5wbGFjZXMudjEuUGxhY2VzLlNlYXJjaFRleHQQAhgEIAA,http://priorityplumbings.com/,(661) 432-1272,"4306 W Ave L Suite 6, Lancaster, CA 93536",plumber,socal,,google
Pro Plumber Downey Services,pro-plumber-downey-services-downey,home_services,"9530 Imperial Hwy. #120, Downey, CA 90242",Downey,(562) 635-5171,,no_website_listed,google_places,approved,approved,Google Places: no website listed,https://maps.google.com/?cid=8440872284420397695&g_mp=Cidnb29nbGUubWFwcy5wbGFjZXMudjEuUGxhY2VzLlNlYXJjaFRleHQQAhgEIAA,,(562) 635-5171,"9530 Imperial Hwy. #120, Downey, CA 90242",plumber,socal,,google
Pro Plumber Fullerton,pro-plumber-fullerton-fullerton,home_services,"147 E Amerige Ave, Fullerton, CA 92832",Fullerton,(714) 248-7673,,no_website_listed,google_places,approved,approved,Google Places: no website listed,https://maps.google.com/?cid=11231734218207347311&g_mp=Cidnb29nbGUubWFwcy5wbGFjZXMudjEuUGxhY2VzLlNlYXJjaFRleHQQAhgEIAA,,(714) 248-7673,"147 E Amerige Ave, Fullerton, CA 92832",plumber,socal,,google
Pro Plumber Redondo Beach,pro-plumber-redondo-beach-redondo-beach,home_services,"1906 MacKay Ln, Redondo Beach, CA 90278",Redondo Beach,(424) 317-8522,http://proplumberredondobeach.com/,website_url_not_reachable,google_places,rejected,rejected_has_website,Live website found via google: http://proplumberredondobeach.com/. Google Places lists website: http://proplumberredondobeach.com/,https://maps.google.com/?cid=9343831828235332606&g_mp=Cidnb29nbGUubWFwcy5wbGFjZXMudjEuUGxhY2VzLlNlYXJjaFRleHQQAhgEIAA,http://proplumberredondobeach.com/,(424) 317-8522,"1906 MacKay Ln, Redondo Beach, CA 90278",plumber,socal,,google
Pro Plumbing Experts Mission Viejo,pro-plumbing-experts-mission-viejo-mission-viejo,home_services,"27792 Vista Del Lago, Mission Viejo, CA 92692",Mission Viejo,(949) 818-7075,https://freshlineexperts.site/,website_url_not_reachable,google_places,rejected,rejected_has_website,Live website found via google: https://freshlineexperts.site/. Google Places lists website: https://freshlineexperts.site/,https://maps.google.com/?cid=1804070685902625369&g_mp=Cidnb29nbGUubWFwcy5wbGFjZXMudjEuUGxhY2VzLlNlYXJjaFRleHQQAhgEIAA,https://freshlineexperts.site/,(949) 818-7075,"27792 Vista Del Lago, Mission Viejo, CA 92692",plumber,socal,,google
Pro Plumbing Laguna Hills,pro-plumbing-laguna-hills-laguna-woods,home_services,"24361 El Toro Rd #239, Laguna Woods, CA 92637",Laguna Woods,(949) 994-4038,,no_website_listed,google_places,approved,approved,Google Places: no website listed,https://maps.google.com/?cid=11821311646357958662&g_mp=Cidnb29nbGUubWFwcy5wbGFjZXMudjEuUGxhY2VzLlNlYXJjaFRleHQQAhgEIAA,,(949) 994-4038,"24361 El Toro Rd #239, Laguna Woods, CA 92637",plumber,socal,,google
Pro-Tech Plumbing Co,pro-tech-plumbing-co-downey,home_services,"8314 Gallatin Rd, Downey, CA 90240",Downey,(562) 554-5900,,no_website_listed,google_places,approved,approved,Google Places: no website listed,https://maps.google.com/?cid=12495364835606937299&g_mp=Cidnb29nbGUubWFwcy5wbGFjZXMudjEuUGxhY2VzLlNlYXJjaFRleHQQAhgEIAA,,(562) 554-5900,"8314 Gallatin Rd, Downey, CA 90240",plumber,socal,,google
Qik Plumbing Laguna Niguel,qik-plumbing-laguna-niguel-laguna-niguel,home_services,"30011 Ivy Glenn Dr #212, Laguna Niguel, CA 92677",Laguna Niguel,(949) 245-6264,,no_website_listed,google_places,approved,approved,Google Places: no website listed,https://maps.google.com/?cid=1398276742940082018&g_mp=Cidnb29nbGUubWFwcy5wbGFjZXMudjEuUGxhY2VzLlNlYXJjaFRleHQQAhgEIAA,,(949) 245-6264,"30011 Ivy Glenn Dr #212, Laguna Niguel, CA 92677",plumber,socal,,google
Qik Plumbing San Juan Capistrano,qik-plumbing-san-juan-capistrano-san-juan-capistrano,home_services,"31726 Rancho Viejo Rd #431, San Juan Capistrano, CA 92675",San Juan Capistrano,(949) 544-1602,,no_website_listed,google_places,approved,approved,Google Places: no website listed,https://maps.google.com/?cid=9242077743784214733&g_mp=Cidnb29nbGUubWFwcy5wbGFjZXMudjEuUGxhY2VzLlNlYXJjaFRleHQQAhgEIAA,,(949) 544-1602,"31726 Rancho Viejo Rd #431, San Juan Capistrano, CA 92675",plumber,socal,,google
Qual Plumbing & Sewer,qual-plumbing-sewer-la-mesa,home_services,"5525 Grossmont Center Dr Ste.189, La Mesa, CA 91942",La Mesa,(619) 340-2223,,no_website_listed,google_places,approved,approved,Google Places: no website listed,https://maps.google.com/?cid=3598173976394446187&g_mp=Cidnb29nbGUubWFwcy5wbGFjZXMudjEuUGxhY2VzLlNlYXJjaFRleHQQAhgEIAA,,(619) 340-2223,"5525 Grossmont Center Dr Ste.189, La Mesa, CA 91942",plumber,socal,,google
Quick Fix Plumbers Glendale,quick-fix-plumbers-glendale-glendale,home_services,"604 S Glendale Ave, Glendale, CA 91205",Glendale,(818) 858-1153,,no_website_listed,google_places,approved,approved,Google Places: no website listed,https://maps.google.com/?cid=13104577297249890230&g_mp=Cidnb29nbGUubWFwcy5wbGFjZXMudjEuUGxhY2VzLlNlYXJjaFRleHQQAhgEIAA,,(818) 858-1153,"604 S Glendale Ave, Glendale, CA 91205",plumber,socal,,google
R. Garcia Plumbing,r-garcia-plumbing-el-monte,home_services,"2229 Durfee Ave Suite F, El Monte, CA 91732",El Monte,(626) 806-5270,,no_website_listed,google_places,approved,approved,Google Places: no website listed,https://maps.google.com/?cid=14572674545920638329&g_mp=Cidnb29nbGUubWFwcy5wbGFjZXMudjEuUGxhY2VzLlNlYXJjaFRleHQQAhgEIAA,,(626) 806-5270,"2229 Durfee Ave Suite F, El Monte, CA 91732",plumber,socal,,google
RC & Son Plumbing,rc-son-plumbing-el-centro,home_services,"1523 Brockman Rd, El Centro, CA 92243",El Centro,(818) 503-0538,,no_website_listed,google_places,approved,approved,Google Places: no website listed,https://maps.google.com/?cid=11913687525712077306&g_mp=Cidnb29nbGUubWFwcy5wbGFjZXMudjEuUGxhY2VzLlNlYXJjaFRleHQQAhgEIAA,,(818) 503-0538,"1523 Brockman Rd, El Centro, CA 92243",plumber,socal,,google
RMPPLUMBING,rmpplumbing-beaumont,home_services,"996 Pavo Dr, Beaumont, CA 92223",Beaumont,(909) 252-2065,,no_website_listed,google_places,approved,approved,Google Places: no website listed,https://maps.google.com/?cid=3686628591278208612&g_mp=Cidnb29nbGUubWFwcy5wbGFjZXMudjEuUGxhY2VzLlNlYXJjaFRleHQQAhgEIAA,,(909) 252-2065,"996 Pavo Dr, Beaumont, CA 92223",plumber,socal,,google
RR Plumbing in Minutes,rr-plumbing-in-minutes-hesperia,home_services,"11878 Pinon Ave, Hesperia, CA 92345",Hesperia,(760) 486-4389,https://rr-plumbing.vercel.app/services,website_url_not_reachable,google_places,rejected,rejected_has_website,Live website found via google: https://rr-plumbing.vercel.app/services. Google Places lists website: https://rr-plumbing.vercel.app/services,https://maps.google.com/?cid=9355850311837271478&g_mp=Cidnb29nbGUubWFwcy5wbGFjZXMudjEuUGxhY2VzLlNlYXJjaFRleHQQAhgEIAA,https://rr-plumbing.vercel.app/services,(760) 486-4389,"11878 Pinon Ave, Hesperia, CA 92345",plumber,socal,,google
Randy & Sons Plumbers,randy-sons-plumbers-redlands,home_services,"330 N 6th St #63E, Redlands, CA 92374",Redlands,(909) 487-8612,,no_website_listed,google_places,approved,approved,Google Places: no website listed,https://maps.google.com/?cid=6000382402647198417&g_mp=Cidnb29nbGUubWFwcy5wbGFjZXMudjEuUGxhY2VzLlNlYXJjaFRleHQQAhgEIAA,,(909) 487-8612,"330 N 6th St #63E, Redlands, CA 92374",plumber,socal,,google
Rapid Garden Grove Plumbing Pros,rapid-garden-grove-plumbing-pros-garden-grove,home_services,"12664 W Chapman Ave, Garden Grove, CA 92840",Garden Grove,,,no_website_listed,google_places,approved,approved,Google Places: no website listed,https://maps.google.com/?cid=18228767980777623299&g_mp=Cidnb29nbGUubWFwcy5wbGFjZXMudjEuUGxhY2VzLlNlYXJjaFRleHQQAhgEIAA,,,"12664 W Chapman Ave, Garden Grove, CA 92840",plumber,socal,,google
Rasco Plumbing & Rooter,rasco-plumbing-rooter-santa-ana,home_services,"1610 N Broadway, Santa Ana, CA 92706",Santa Ana,(714) 552-8906,http://www.plumbingrepairinorangecountyca.com/contact/,website_url_not_reachable,google_places,rejected,rejected_has_website,Live website found via google: http://www.plumbingrepairinorangecountyca.com/contact/. Google Places lists website: http://www.plumbingrepairinorangecountyca.com/contact/,https://maps.google.com/?cid=5369893368137650714&g_mp=Cidnb29nbGUubWFwcy5wbGFjZXMudjEuUGxhY2VzLlNlYXJjaFRleHQQAhgEIAA,http://www.plumbingrepairinorangecountyca.com/contact/,(714) 552-8906,"1610 N Broadway, Santa Ana, CA 92706",plumber,socal,,google
Rbg Plumbing,rbg-plumbing-hawthorne,home_services,"3806 119th Pl, Hawthorne, CA 90250",Hawthorne,,,no_website_listed,google_places,approved,approved,Google Places: no website listed,https://maps.google.com/?cid=13239791661184106153&g_mp=Cidnb29nbGUubWFwcy5wbGFjZXMudjEuUGxhY2VzLlNlYXJjaFRleHQQAhgEIAA,,,"3806 119th Pl, Hawthorne, CA 90250",plumber,socal,,google
Ready Oceanside Plumber,ready-oceanside-plumber-oceanside,home_services,"3510 Seagate Way, Oceanside, CA 92056",Oceanside,(760) 332-0243,http://readyoceansideplumber.com/,website_url_not_reachable,google_places,rejected,rejected_has_website,Live website found via google: http://readyoceansideplumber.com/. Google Places lists website: http://readyoceansideplumber.com/,https://maps.google.com/?cid=12310790647622007934&g_mp=Cidnb29nbGUubWFwcy5wbGFjZXMudjEuUGxhY2VzLlNlYXJjaFRleHQQAhgEIAA,http://readyoceansideplumber.com/,(760) 332-0243,"3510 Seagate Way, Oceanside, CA 92056",plumber,socal,,google
Real Plumbing,real-plumbing-glendale,home_services,"815 E Maple St, Glendale, CA 91205",Glendale,(747) 323-3300,https://hovikplumbing.store/,website_url_not_reachable,google_places,rejected,rejected_has_website,Live website found via google: https://hovikplumbing.store/. Google Places lists website: https://hovikplumbing.store/,https://maps.google.com/?cid=3637660828052188333&g_mp=Cidnb29nbGUubWFwcy5wbGFjZXMudjEuUGxhY2VzLlNlYXJjaFRleHQQAhgEIAA,https://hovikplumbing.store/,(747) 323-3300,"815 E Maple St, Glendale, CA 91205",plumber,socal,,google
"Redondo beach, JRS Plumbing",redondo-beach-jrs-plumbing-redondo-beach,home_services,"1723 Harriman Ln B, Redondo Beach, CA 90278",Redondo Beach,(310) 963-2608,,no_website_listed,google_places,approved,approved,Google Places: no website listed,https://maps.google.com/?cid=3463846871641010877&g_mp=Cidnb29nbGUubWFwcy5wbGFjZXMudjEuUGxhY2VzLlNlYXJjaFRleHQQAhgEIAA,,(310) 963-2608,"1723 Harriman Ln B, Redondo Beach, CA 90278",plumber,socal,,google
Regal Plumbers Buena Park,regal-plumbers-buena-park-buena-park,home_services,"10488 Valley View St Ste 6, Buena Park, CA 90620",Buena Park,(657) 325-8500,,no_website_listed,google_places,approved,approved,Google Places: no website listed,https://maps.google.com/?cid=12117365500074930460&g_mp=Cidnb29nbGUubWFwcy5wbGFjZXMudjEuUGxhY2VzLlNlYXJjaFRleHQQAhgEIAA,,(657) 325-8500,"10488 Valley View St Ste 6, Buena Park, CA 90620",plumber,socal,,google
Reliable Handyman Services,reliable-handyman-services-costa-mesa,home_services,"137 Santa Isabel Ave, Costa Mesa, CA 92627",Costa Mesa,(323) 379-6962,,no_website_listed,google_places,approved,approved,Google Places: no website listed,https://maps.google.com/?cid=10104141013819300324&g_mp=Cidnb29nbGUubWFwcy5wbGFjZXMudjEuUGxhY2VzLlNlYXJjaFRleHQQAhgEIAA,,(323) 379-6962,"137 Santa Isabel Ave, Costa Mesa, CA 92627",plumber,socal,,google
Responsive Plumber Ventura,responsive-plumber-ventura-ventura,home_services,"2785 E Main St, Ventura, CA 93003",Ventura,(805) 707-1693,http://responsiveplumberventura.com/,website_url_not_reachable,google_places,rejected,rejected_has_website,Live website found via google: http://responsiveplumberventura.com/. Google Places lists website: http://responsiveplumberventura.com/,https://maps.google.com/?cid=10516772596857936693&g_mp=Cidnb29nbGUubWFwcy5wbGFjZXMudjEuUGxhY2VzLlNlYXJjaFRleHQQAhgEIAA,http://responsiveplumberventura.com/,(805) 707-1693,"2785 E Main St, Ventura, CA 93003",plumber,socal,,google
Rite Palmdale Plumbers & Drain Clean,rite-palmdale-plumbers-drain-clean-palmdale,home_services,"16921 E Ave O, Palmdale, CA 93591",Palmdale,(661) 402-4057,,no_website_listed,google_places,approved,approved,Google Places: no website listed,https://maps.google.com/?cid=13171758779747231109&g_mp=Cidnb29nbGUubWFwcy5wbGFjZXMudjEuUGxhY2VzLlNlYXJjaFRleHQQAhgEIAA,,(661) 402-4057,"16921 E Ave O, Palmdale, CA 93591",plumber,socal,,google
Riverline Plumbing,riverline-plumbing-eastvale,home_services,"7166 Lemon Grass Ave, Eastvale, CA 92880",Eastvale,(951) 454-9317,https://riverlineplumbingca.com/,website_url_not_reachable,google_places,rejected,rejected_has_website,Live website found via google: https://riverlineplumbingca.com/. Google Places lists website: https://riverlineplumbingca.com/,https://maps.google.com/?cid=9548815966424449471&g_mp=Cidnb29nbGUubWFwcy5wbGFjZXMudjEuUGxhY2VzLlNlYXJjaFRleHQQAhgEIAA,https://riverlineplumbingca.com/,(951) 454-9317,"7166 Lemon Grass Ave, Eastvale, CA 92880",plumber,socal,,google
