name,slug,industry,trade,address,city,phone,website_listed,no_website_reason,source,status,verification_status,verification_notes,google_maps_url,region
Donnie Underwood Plumbing,donnie-underwood-plumbing-abilene,home_services,plumber,"1441 Woodard St, Abilene, TX 79605",Abilene,(325) 698-4911,,no_website,google_places,approved,approved,TX batch — no_website (Abilene),https://maps.google.com/?cid=13140062934377190609&g_mp=Cidnb29nbGUubWFwcy5wbGFjZXMudjEuUGxhY2VzLlNlYXJjaFRleHQQAhgEIAA,texas
Storybook Plumbing Solutions,storybook-plumbing-solutions-abilene,home_services,plumber,"731 Walnut St, Abilene, TX 79601",Abilene,(325) 238-7320,http://storybookplumbingsolutions.com/,website_url_not_reachable,google_places,approved,approved,TX batch — website_url_not_reachable (Abilene),https://maps.google.com/?cid=8897625315332443342&g_mp=Cidnb29nbGUubWFwcy5wbGFjZXMudjEuUGxhY2VzLlNlYXJjaFRleHQQAhgEIAA,texas
T&T Plumbing,t-t-plumbing-abilene,home_services,plumber,"3478 Catclaw Dr #194, Abilene, TX 79606",Abilene,(325) 529-3162,,no_website,google_places,approved,approved,TX batch — no_website (Abilene),https://maps.google.com/?cid=257456628761728380&g_mp=Cidnb29nbGUubWFwcy5wbGFjZXMudjEuUGxhY2VzLlNlYXJjaFRleHQQAhgEIAA,texas
The Plumbing Doctor,the-plumbing-doctor-abilene,home_services,plumber,"650 E N 22nd St, Abilene, TX 79601",Abilene,(325) 484-4090,,no_website,google_places,approved,approved,TX batch — no_website (Abilene),https://maps.google.com/?cid=13506022867915219778&g_mp=Cidnb29nbGUubWFwcy5wbGFjZXMudjEuUGxhY2VzLlNlYXJjaFRleHQQAhgEIAA,texas
In-House Plumbing Company,in-house-plumbing-company-allen,home_services,plumber,"5903 Curtis Dr, Allen, TX 75002",Allen,(972) 992-1767,http://www.inhouseplumbingcompany.com/,website_url_not_reachable,google_places,approved,approved,TX batch — website_url_not_reachable (Richardson),https://maps.google.com/?cid=15184127528122818688&g_mp=Cidnb29nbGUubWFwcy5wbGFjZXMudjEuUGxhY2VzLlNlYXJjaFRleHQQAhgEIAA,texas
Willis Plumbing Heating & AC,willis-plumbing-heating-ac-amarillo,home_services,plumber,"722 S Arthur St, Amarillo, TX 79102",Amarillo,(806) 374-4551,https://willisplumbing.co/,website_url_not_reachable,google_places,approved,approved,TX batch — website_url_not_reachable (Amarillo),https://maps.google.com/?cid=792524721478005266&g_mp=Cidnb29nbGUubWFwcy5wbGFjZXMudjEuUGxhY2VzLlNlYXJjaFRleHQQAhgEIAA,texas
Arlington Plumbing Co,arlington-plumbing-co-arlington,home_services,plumber,"1112 E Copeland Rd Ste 120, Arlington, TX 76011",Arlington,(682) 217-1114,,no_website,google_places,approved,approved,TX batch — no_website (Arlington),https://maps.google.com/?cid=4776198345230770325&g_mp=Cidnb29nbGUubWFwcy5wbGFjZXMudjEuUGxhY2VzLlNlYXJjaFRleHQQAhgEIAA,texas
Direct Source Plumbing,direct-source-plumbing-arlington,home_services,plumber,"3216 W Park Row Dr, Arlington, TX 76013",Arlington,(817) 561-6400,https://directsourceplumbing.com/,website_url_not_reachable,google_places,approved,approved,TX batch — website_url_not_reachable (Arlington),https://maps.google.com/?cid=4680488713154941287&g_mp=Cidnb29nbGUubWFwcy5wbGFjZXMudjEuUGxhY2VzLlNlYXJjaFRleHQQAhgEIAA,texas
Quick Fix Plumbers Arlington TX,quick-fix-plumbers-arlington-tx-arlington,home_services,plumber,"2529 W Arkansas Ln, Arlington, TX 76016",Arlington,(817) 242-5538,,no_website,google_places,approved,approved,TX batch — no_website (Arlington),https://maps.google.com/?cid=9175752389454926306&g_mp=Cidnb29nbGUubWFwcy5wbGFjZXMudjEuUGxhY2VzLlNlYXJjaFRleHQQAhgEIAA,texas
Top Plumbing Experts Arlington,top-plumbing-experts-arlington-arlington,home_services,plumber,"801 E Park Row Dr, Arlington, TX 76010",Arlington,(682) 297-6526,,no_website,google_places,approved,approved,TX batch — no_website (Arlington),https://maps.google.com/?cid=10752348519835805561&g_mp=Cidnb29nbGUubWFwcy5wbGFjZXMudjEuUGxhY2VzLlNlYXJjaFRleHQQAhgEIAA,texas
AAA AUGER Plumbing Services,aaa-auger-plumbing-services-austin,home_services,plumber,"8234 Ferguson Cutoff, Austin, TX 78724",Austin,(512) 928-0467,https://www.aaa-auger.com/austin/,website_url_not_reachable,google_places,approved,approved,TX batch — website_url_not_reachable (Austin),https://maps.google.com/?cid=17693970885655317554&g_mp=Cidnb29nbGUubWFwcy5wbGFjZXMudjEuUGxhY2VzLlNlYXJjaFRleHQQAhgEIAA,texas
"Radiant Plumbing, Air Conditioning, & Electrical",radiant-plumbing-air-conditioning-electrical-austin,home_services,plumber,"901 Reinli St, Austin, TX 78751",Austin,(512) 690-4935,https://radiantplumbing.com/austin/?utm_source=google&utm_medium=businesslisting&utm_campaign=atx-brand_gmb_1023&utm_content=atx-brand,website_url_not_reachable,google_places,approved,approved,TX batch — website_url_not_reachable (Austin),https://maps.google.com/?cid=2775625716630810184&g_mp=Cidnb29nbGUubWFwcy5wbGFjZXMudjEuUGxhY2VzLlNlYXJjaFRleHQQAhgEIAA,texas
MVP Plumbing LLC,mvp-plumbing-llc-baytown,home_services,plumber,"MVP PLUMBING LLC, 8015 Sugar Cane Dr, Baytown, TX 77523",Baytown,(832) 334-2836,https://mvpplumbingllc.com/,website_url_not_reachable,google_places,approved,approved,TX batch — website_url_not_reachable (Baytown),https://maps.google.com/?cid=5864699292365475638&g_mp=Cidnb29nbGUubWFwcy5wbGFjZXMudjEuUGxhY2VzLlNlYXJjaFRleHQQAhgEIAA,texas
Young Plumbing & Heating,young-plumbing-heating-baytown,home_services,plumber,"301 N Commerce St, Baytown, TX 77520",Baytown,(281) 427-7401,http://www.youngplumbingcompany.com/,website_url_not_reachable,google_places,approved,approved,TX batch — website_url_not_reachable (Baytown),https://maps.google.com/?cid=13743333230232414262&g_mp=Cidnb29nbGUubWFwcy5wbGFjZXMudjEuUGxhY2VzLlNlYXJjaFRleHQQAhgEIAA,texas
Hansen Plumbing Inc,hansen-plumbing-inc-beaumont,home_services,plumber,"1526 East Ln, Beaumont, TX 77713",Beaumont,(409) 866-2933,,no_website,google_places,approved,approved,TX batch — no_website (Beaumont),https://maps.google.com/?cid=1485349430536877836&g_mp=Cidnb29nbGUubWFwcy5wbGFjZXMudjEuUGxhY2VzLlNlYXJjaFRleHQQAhgEIAA,texas
Lyons Plumbing,lyons-plumbing-beaumont,home_services,plumber,"2197 Central Dr, Beaumont, TX 77706",Beaumont,(409) 673-2419,,no_website,google_places,approved,approved,TX batch — no_website (Beaumont),https://maps.google.com/?cid=10196801934595618216&g_mp=Cidnb29nbGUubWFwcy5wbGFjZXMudjEuUGxhY2VzLlNlYXJjaFRleHQQAhgEIAA,texas
N-Sink Plumbing and Drain Specialist,n-sink-plumbing-and-drain-specialist-beaumont,home_services,plumber,"1110 Calder Ave Ste 120, Beaumont, TX 77701",Beaumont,(409) 245-7153,https://getnsink.com/,website_url_not_reachable,google_places,approved,approved,TX batch — website_url_not_reachable (Beaumont),https://maps.google.com/?cid=16916342973189785348&g_mp=Cidnb29nbGUubWFwcy5wbGFjZXMudjEuUGxhY2VzLlNlYXJjaFRleHQQAhgEIAA,texas
Noack Plumbing & Heating,noack-plumbing-heating-beaumont,home_services,plumber,"7525 College St, Beaumont, TX 77707",Beaumont,(409) 866-3500,,no_website,google_places,approved,approved,TX batch — no_website (Beaumont),https://maps.google.com/?cid=17163806415423401243&g_mp=Cidnb29nbGUubWFwcy5wbGFjZXMudjEuUGxhY2VzLlNlYXJjaFRleHQQAhgEIAA,texas
Premium Plumbing,premium-plumbing-beaumont,home_services,plumber,"1575 S 23rd St, Beaumont, TX 77707",Beaumont,(409) 842-0997,http://www.premiumplumbing.com/,website_url_not_reachable,google_places,approved,approved,TX batch — website_url_not_reachable (Beaumont),https://maps.google.com/?cid=5835006773963512975&g_mp=Cidnb29nbGUubWFwcy5wbGFjZXMudjEuUGxhY2VzLlNlYXJjaFRleHQQAhgEIAA,texas
J H PLUMBING LLC,j-h-plumbing-llc-boerne,home_services,plumber,"106 RUSTY LANE, BOERNE, TX 78006",Boerne,(210) 274-6497,,no_website,tsbpe_verified,approved,approved,TX batch — no_website (Boerne),https://maps.google.com/?cid=4146878297791869792&g_mp=Cidnb29nbGUubWFwcy5wbGFjZXMudjEuUGxhY2VzLlNlYXJjaFRleHQQAhgEIAA,texas
ADVANTAGE PLUMBING CO,advantage-plumbing-co-borger,home_services,plumber,"618 N. FLORIDA ST., BORGER, TX 79007",Borger,(806) 395-8270,,no_website,tsbpe_verified,approved,approved,TX batch — no_website (Borger),https://maps.google.com/?cid=17333371608818803778&g_mp=Cidnb29nbGUubWFwcy5wbGFjZXMudjEuUGxhY2VzLlNlYXJjaFRleHQQAhgEIAA,texas
A&S Plumbing,a-s-plumbing-brownsville,home_services,plumber,"6944 Wild Olive Ln, Brownsville, TX 78526",Brownsville,(956) 204-1645,,no_website,google_places,approved,approved,TX batch — no_website (Brownsville),https://maps.google.com/?cid=8846280326431006719&g_mp=Cidnb29nbGUubWFwcy5wbGFjZXMudjEuUGxhY2VzLlNlYXJjaFRleHQQAhgEIAA,texas
Caleb's Plumbing,caleb-s-plumbing-brownsville,home_services,plumber,"443 S Clubhouse Rd #317, Brownsville, TX 78521",Brownsville,(956) 302-9210,,no_website,google_places,approved,approved,TX batch — no_website (Brownsville),https://maps.google.com/?cid=15596277055663236448&g_mp=Cidnb29nbGUubWFwcy5wbGFjZXMudjEuUGxhY2VzLlNlYXJjaFRleHQQAhgEIAA,texas
LOPEZ PLUMBING,lopez-plumbing-brownsville,home_services,plumber,"14 W 12th St, Brownsville, TX 78520",Brownsville,(956) 521-5906,,no_website,google_places,approved,approved,TX batch — no_website (Brownsville),https://maps.google.com/?cid=5483654201801053225&g_mp=Cidnb29nbGUubWFwcy5wbGFjZXMudjEuUGxhY2VzLlNlYXJjaFRleHQQAhgEIAA,texas
Ramirez Plumbing,ramirez-plumbing-brownsville,home_services,plumber,"580 N Dakota Ave, Brownsville, TX 78521",Brownsville,(956) 466-6638,,no_website,google_places,approved,approved,TX batch — no_website (Brownsville),https://maps.google.com/?cid=7976599050053133129&g_mp=Cidnb29nbGUubWFwcy5wbGFjZXMudjEuUGxhY2VzLlNlYXJjaFRleHQQAhgEIAA,texas
Redstar Plumbing & Heating,redstar-plumbing-heating-brownsville,home_services,plumber,"3505 Boca Chica Blvd #315, Brownsville, TX 78521",Brownsville,(956) 474-3657,https://redstarplumbingheating.com/brownsville-tx/,website_url_not_reachable,google_places,approved,approved,TX batch — website_url_not_reachable (Brownsville),https://maps.google.com/?cid=13355848474112948202&g_mp=Cidnb29nbGUubWFwcy5wbGFjZXMudjEuUGxhY2VzLlNlYXJjaFRleHQQAhgEIAA,texas
Robert’s Repair Plumbing,robert-s-repair-plumbing-brownsville,home_services,plumber,"1844 El Cielo St, Brownsville, TX 78520",Brownsville,(956) 203-9993,https://linktr.ee/roberts_repair_plumbing,social_or_directory_only,google_places,approved,approved,TX batch — social_or_directory_only (Brownsville),https://maps.google.com/?cid=7310766451041223068&g_mp=Cidnb29nbGUubWFwcy5wbGFjZXMudjEuUGxhY2VzLlNlYXJjaFRleHQQAhgEIAA,texas
Torres Plumbing,torres-plumbing-brownsville,home_services,plumber,"1504 Zamora Dr, Brownsville, TX 78526",Brownsville,(956) 542-7243,,no_website,google_places,approved,approved,TX batch — no_website (Brownsville),https://maps.google.com/?cid=9317174526453361820&g_mp=Cidnb29nbGUubWFwcy5wbGFjZXMudjEuUGxhY2VzLlNlYXJjaFRleHQQAhgEIAA,texas
Next Plumbing & Heating,next-plumbing-heating-bryan,home_services,plumber,"1722 Broadmoor Dr #115, Bryan, TX 77802",Bryan,(979) 314-0898,,no_website,google_places,approved,approved,TX batch — no_website (College Station),https://maps.google.com/?cid=3087892024530464612&g_mp=Cidnb29nbGUubWFwcy5wbGFjZXMudjEuUGxhY2VzLlNlYXJjaFRleHQQAhgEIAA,texas
Buda Plumbing Experts,buda-plumbing-experts-buda,home_services,plumber,"2899 Business Park Dr, Buda, TX 78610",Buda,(737) 770-3436,,no_website,google_places,approved,approved,TX batch — no_website (Kyle),https://maps.google.com/?cid=2543999703600641281&g_mp=Cidnb29nbGUubWFwcy5wbGFjZXMudjEuUGxhY2VzLlNlYXJjaFRleHQQAhgEIAA,texas
"Carrollton Plumbing Service, Inc.",carrollton-plumbing-service-inc-carrollton,home_services,plumber,"1448 Halsey Way #100, Carrollton, TX 75007",Carrollton,(972) 820-0565,https://www.carrolltonplumbingservice.com/?utm_source=google_business_profile&utm_medium=organic,website_url_not_reachable,google_places,approved,approved,TX batch — website_url_not_reachable (Carrollton),https://maps.google.com/?cid=3700697054082226612&g_mp=Cidnb29nbGUubWFwcy5wbGFjZXMudjEuUGxhY2VzLlNlYXJjaFRleHQQAhgEIAA,texas
Local Plumbers Carrollton texas,local-plumbers-carrollton-texas-carrollton,home_services,plumber,"3008 E Hebron Pkwy, Carrollton, TX 75010",Carrollton,(972) 827-7059,,no_website,google_places,approved,approved,TX batch — no_website (Carrollton),https://maps.google.com/?cid=1563347562556172744&g_mp=Cidnb29nbGUubWFwcy5wbGFjZXMudjEuUGxhY2VzLlNlYXJjaFRleHQQAhgEIAA,texas
"Fairway Plumbing, LLC",fairway-plumbing-llc-cedar-park,home_services,plumber,"1320 Arrow Point Dr Surambirite 501 #TW137, Cedar Park, TX 78613",Cedar Park,(512) 278-1626,https://www.fairwayplumbing.net/,website_url_not_reachable,google_places,approved,approved,TX batch — website_url_not_reachable (Cedar Park),https://maps.google.com/?cid=3082836239406642040&g_mp=Cidnb29nbGUubWFwcy5wbGFjZXMudjEuUGxhY2VzLlNlYXJjaFRleHQQAhgEIAA,texas
SHOFFNER PLUMBING INC,shoffner-plumbing-inc-childress,home_services,plumber,"701 AVENUE D SE, CHILDRESS, TX 79201",Childress,(940) 937-2969,,no_website,tsbpe_verified,approved,approved,TX batch — no_website (Childress),https://maps.google.com/?cid=1521559424039772828&g_mp=Cidnb29nbGUubWFwcy5wbGFjZXMudjEuUGxhY2VzLlNlYXJjaFRleHQQAhgEIAA,texas
H & A Plumbing,h-a-plumbing-college-station,home_services,plumber,"4562 Rock Prairie Rd W, College Station, TX 77845",College Station,(979) 690-8844,http://www.haplumbing.com/,website_url_not_reachable,google_places,approved,approved,TX batch — website_url_not_reachable (College Station),https://maps.google.com/?cid=10563701624486627126&g_mp=Cidnb29nbGUubWFwcy5wbGFjZXMudjEuUGxhY2VzLlNlYXJjaFRleHQQAhgEIAA,texas
S.D.S. Plumbing LLC,s-d-s-plumbing-llc-college-station,home_services,plumber,"1013 Sun Meadow Ct, College Station, TX 77845",College Station,(979) 457-1121,https://sds-plumbing.com/?utm_sources=GMB,website_url_not_reachable,google_places,approved,approved,TX batch — website_url_not_reachable (College Station),https://maps.google.com/?cid=13592318237768651610&g_mp=Cidnb29nbGUubWFwcy5wbGFjZXMudjEuUGxhY2VzLlNlYXJjaFRleHQQAhgEIAA,texas
Tug's Maroon Plumbing,tug-s-maroon-plumbing-college-station,home_services,plumber,"540 Graham Rd, College Station, TX 77845",College Station,(979) 985-3500,https://maroonplumbers.com/?utm_source=google&utm_medium=local&utm_campaign=gmb,website_url_not_reachable,google_places,approved,approved,TX batch — website_url_not_reachable (College Station),https://maps.google.com/?cid=14167877675048302664&g_mp=Cidnb29nbGUubWFwcy5wbGFjZXMudjEuUGxhY2VzLlNlYXJjaFRleHQQAhgEIAA,texas
Conroe Premier Plumbing,conroe-premier-plumbing-conroe,home_services,plumber,"310 Metcalf St, Conroe, TX 77301",Conroe,(254) 360-9897,https://nuvonrepairhub.com/,website_url_not_reachable,google_places,approved,approved,TX batch — website_url_not_reachable (Conroe),https://maps.google.com/?cid=5949441120470236642&g_mp=Cidnb29nbGUubWFwcy5wbGFjZXMudjEuUGxhY2VzLlNlYXJjaFRleHQQAhgEIAA,texas
Swinner Plumbing,swinner-plumbing-conroe,home_services,plumber,"805 Toby Ln, Conroe, TX 77301",Conroe,(936) 672-1360,,no_website,google_places,approved,approved,TX batch — no_website (Conroe),https://maps.google.com/?cid=12228787283161154498&g_mp=Cidnb29nbGUubWFwcy5wbGFjZXMudjEuUGxhY2VzLlNlYXJjaFRleHQQAhgEIAA,texas
Copperas Cove Speedy Commercial Plumbing LLC,copperas-cove-speedy-commercial-plumbing-llc-copperas-cove,home_services,plumber,"1312 S FM 116 #1649, Copperas Cove, TX 76522",Copperas Cove,(254) 267-0913,,no_website,google_places,approved,approved,TX batch — no_website (Killeen),https://maps.google.com/?cid=6085708317828150515&g_mp=Cidnb29nbGUubWFwcy5wbGFjZXMudjEuUGxhY2VzLlNlYXJjaFRleHQQAhgEIAA,texas
Hand Plumbing Service Inc.,hand-plumbing-service-inc-corpus-christi,home_services,plumber,"7706 Slough Rd, Corpus Christi, TX 78414",Corpus Christi,(361) 850-7706,,no_website,google_places,approved,approved,TX batch — no_website (Corpus Christi),https://maps.google.com/?cid=9677334095766545626&g_mp=Cidnb29nbGUubWFwcy5wbGFjZXMudjEuUGxhY2VzLlNlYXJjaFRleHQQAhgEIAA,texas
Ocean Plumbing Inc,ocean-plumbing-inc-corpus-christi,home_services,plumber,"304 Glenoak Dr, Corpus Christi, TX 78418",Corpus Christi,(361) 937-7284,http://oceanplumbinginc.com/,website_url_not_reachable,google_places,approved,approved,TX batch — website_url_not_reachable (Corpus Christi),https://maps.google.com/?cid=1636550692184654746&g_mp=Cidnb29nbGUubWFwcy5wbGFjZXMudjEuUGxhY2VzLlNlYXJjaFRleHQQAhgEIAA,texas
Owen Plumbing & Drain Inc,owen-plumbing-drain-inc-corpus-christi,home_services,plumber,"2418 Sacky Dr, Corpus Christi, TX 78415",Corpus Christi,(361) 854-0881,https://www.owenplumbing.com/,website_url_not_reachable,google_places,approved,approved,TX batch — website_url_not_reachable (Corpus Christi),https://maps.google.com/?cid=9358617783558780510&g_mp=Cidnb29nbGUubWFwcy5wbGFjZXMudjEuUGxhY2VzLlNlYXJjaFRleHQQAhgEIAA,texas
Javier & Sons Plumbers,javier-sons-plumbers-desoto,home_services,plumber,"2701 Prince George Ave #7600, DeSoto, TX 75115",DeSoto,(469) 423-8182,,no_website,google_places,approved,approved,TX batch — no_website (DeSoto),https://maps.google.com/?cid=17375947197481833205&g_mp=Cidnb29nbGUubWFwcy5wbGFjZXMudjEuUGxhY2VzLlNlYXJjaFRleHQQAhgEIAA,texas
Taylor's Plumbing,taylor-s-plumbing-desoto,home_services,plumber,"1313 Indian Creek Dr, DeSoto, TX 75115",DeSoto,(214) 330-9785,,no_website,google_places,approved,approved,TX batch — no_website (DeSoto),https://maps.google.com/?cid=6665944168140229752&g_mp=Cidnb29nbGUubWFwcy5wbGFjZXMudjEuUGxhY2VzLlNlYXJjaFRleHQQAhgEIAA,texas
GENE FORD PLUMBING INC,gene-ford-plumbing-inc-denison,home_services,plumber,"728 W. SHEPHERD, DENISON, TX 75020-5018",Denison,(903) 465-0888,,no_website,tsbpe_verified,approved,approved,TX batch — no_website (Denison),https://maps.google.com/?cid=3126438691150690159&g_mp=Cidnb29nbGUubWFwcy5wbGFjZXMudjEuUGxhY2VzLlNlYXJjaFRleHQQAhgEIAA,texas
GP Plumbing,gp-plumbing-denton,home_services,plumber,"2207 Wellington Dr, Denton, TX 76209",Denton,(940) 390-4384,,no_website,google_places,approved,approved,TX batch — no_website (Denton),https://maps.google.com/?cid=1245386024347092052&g_mp=Cidnb29nbGUubWFwcy5wbGFjZXMudjEuUGxhY2VzLlNlYXJjaFRleHQQAhgEIAA,texas
Micheal & Sons Plumbing,micheal-sons-plumbing-duncanville,home_services,plumber,"1550 Clark Rd #80F, Duncanville, TX 75137",Duncanville,(469) 425-7600,,no_website,google_places,approved,approved,TX batch — no_website (DeSoto),https://maps.google.com/?cid=15624735348013355169&g_mp=Cidnb29nbGUubWFwcy5wbGFjZXMudjEuUGxhY2VzLlNlYXJjaFRleHQQAhgEIAA,texas
Villarreal Plumbing Inc,villarreal-plumbing-inc-duncanville,home_services,plumber,"606 Woodhaven Blvd, Duncanville, TX 75116",Duncanville,(214) 850-7686,,no_website,google_places,approved,approved,TX batch — no_website (DeSoto),https://maps.google.com/?cid=1537347586572467957&g_mp=Cidnb29nbGUubWFwcy5wbGFjZXMudjEuUGxhY2VzLlNlYXJjaFRleHQQAhgEIAA,texas
J's Plumbing,j-s-plumbing-edinburg,home_services,plumber,"3810 E Richardson Rd, Edinburg, TX 78542",Edinburg,(956) 383-6023,,no_website,google_places,approved,approved,TX batch — no_website (Edinburg),https://maps.google.com/?cid=3397775701188213319&g_mp=Cidnb29nbGUubWFwcy5wbGFjZXMudjEuUGxhY2VzLlNlYXJjaFRleHQQAhgEIAA,texas
Montez Plumbing LLC,montez-plumbing-llc-edinburg,home_services,plumber,"2418 E Steel Ave, Edinburg, TX 78542",Edinburg,(956) 451-5050,,no_website,google_places,approved,approved,TX batch — no_website (Edinburg),https://maps.google.com/?cid=1320552858252733616&g_mp=Cidnb29nbGUubWFwcy5wbGFjZXMudjEuUGxhY2VzLlNlYXJjaFRleHQQAhgEIAA,texas
Rio Plumbing Services,rio-plumbing-services-edinburg,home_services,plumber,"6205 E Mile 17 1/2 Rd, Edinburg, TX 78542",Edinburg,(956) 381-8263,,no_website,google_places,approved,approved,TX batch — no_website (Edinburg),https://maps.google.com/?cid=4560580631061829578&g_mp=Cidnb29nbGUubWFwcy5wbGFjZXMudjEuUGxhY2VzLlNlYXJjaFRleHQQAhgEIAA,texas
YJ Home Repair / Drywall Repair/Handyman/plumbing/Electrician/painting/Bathroom Remodel,yj-home-repair-drywall-repair-handyman-plumbing-electrician-,home_services,plumber,"123 Trenton Rd, Edinburg, TX 78542",Edinburg,(956) 884-2695,https://jg040049.wixsite.com/yj-home-repair-ser-1,social_or_directory_only,google_places,approved,approved,TX batch — social_or_directory_only (McAllen),https://maps.google.com/?cid=435272818247934231&g_mp=Cidnb29nbGUubWFwcy5wbGFjZXMudjEuUGxhY2VzLlNlYXJjaFRleHQQAhgEIAA,texas
KOTLAR PLUMBING CO INC,kotlar-plumbing-co-inc-edna,home_services,plumber,"203 SOUTH EAST ST, EDNA, TX 77957",Edna,(361) 782-3536,,no_website,tsbpe_verified,approved,approved,TX batch — no_website (Edna),https://maps.google.com/?cid=1579846140047681008&g_mp=Cidnb29nbGUubWFwcy5wbGFjZXMudjEuUGxhY2VzLlNlYXJjaFRleHQQAhgEIAA,texas
Amador and sons plumbing,amador-and-sons-plumbing-el-paso,home_services,plumber,"4602 Durazno Ave, El Paso, TX 79905",El Paso,(915) 487-0397,,no_website,google_places,approved,approved,TX batch — no_website (El Paso),https://maps.google.com/?cid=3802337831645110702&g_mp=Cidnb29nbGUubWFwcy5wbGFjZXMudjEuUGxhY2VzLlNlYXJjaFRleHQQAhgEIAA,texas
El Paso Plumbing,el-paso-plumbing-el-paso,home_services,plumber,"3114 Hamilton Ave, El Paso, TX 79930",El Paso,(915) 691-8291,,no_website,google_places,approved,approved,TX batch — no_website (El Paso),https://maps.google.com/?cid=3369892619566519041&g_mp=Cidnb29nbGUubWFwcy5wbGFjZXMudjEuUGxhY2VzLlNlYXJjaFRleHQQAhgEIAA,texas
Emergency Commercial Plumbing Co,emergency-commercial-plumbing-co-el-paso,home_services,plumber,"1111 Barranca Dr #9390, El Paso, TX 79935",El Paso,(915) 995-6909,,no_website,google_places,approved,approved,TX batch — no_website (El Paso),https://maps.google.com/?cid=15236277684646806071&g_mp=Cidnb29nbGUubWFwcy5wbGFjZXMudjEuUGxhY2VzLlNlYXJjaFRleHQQAhgEIAA,texas
Luke & Sons Plumbers LLC,luke-sons-plumbers-llc-el-paso,home_services,plumber,"8721 Yermoland Dr #6320, El Paso, TX 79907",El Paso,(915) 265-4928,,no_website,google_places,approved,approved,TX batch — no_website (El Paso),https://maps.google.com/?cid=874168488522932856&g_mp=Cidnb29nbGUubWFwcy5wbGFjZXMudjEuUGxhY2VzLlNlYXJjaFRleHQQAhgEIAA,texas
Reliable Plumbing,reliable-plumbing-el-paso,home_services,plumber,"5423 Dailey Ave, El Paso, TX 79905",El Paso,(915) 588-2561,http://reliableplumbingelpaso.com/,website_url_not_reachable,google_places,approved,approved,TX batch — website_url_not_reachable (El Paso),https://maps.google.com/?cid=7542917005709673545&g_mp=Cidnb29nbGUubWFwcy5wbGFjZXMudjEuUGxhY2VzLlNlYXJjaFRleHQQAhgEIAA,texas
Theodore & Sons Plumbing,theodore-sons-plumbing-el-paso,home_services,plumber,"1701 N Mesa St #7700, El Paso, TX 79902",El Paso,(915) 265-0914,,no_website,google_places,approved,approved,TX batch — no_website (El Paso),https://maps.google.com/?cid=12841821283138090862&g_mp=Cidnb29nbGUubWFwcy5wbGFjZXMudjEuUGxhY2VzLlNlYXJjaFRleHQQAhgEIAA,texas
Speedy Local Plumbing LLC,speedy-local-plumbing-llc-euless,home_services,plumber,"700 N Industrial Blvd #931, Euless, TX 76039",Euless,(817) 383-8135,,no_website,google_places,approved,approved,TX batch — no_website (Euless),https://maps.google.com/?cid=7191291953676249784&g_mp=Cidnb29nbGUubWFwcy5wbGFjZXMudjEuUGxhY2VzLlNlYXJjaFRleHQQAhgEIAA,texas
MOORE PLUMBING REPAIR LLC,moore-plumbing-repair-llc-fairfield,home_services,plumber,"177 FCR 111, FAIRFIELD, TX 75840",Fairfield,(903) 389-1844,,no_website,tsbpe_verified,approved,approved,TX batch — no_website (Fairfield),https://maps.google.com/?cid=7160714959219041617&g_mp=Cidnb29nbGUubWFwcy5wbGFjZXMudjEuUGxhY2VzLlNlYXJjaFRleHQQAhgEIAA,texas
Reyna Plumbing LLC,reyna-plumbing-llc-flower-mound,home_services,plumber,"2436 Sweet Grass Trail, Flower Mound, TX 75028",Flower Mound,(469) 763-4668,,no_website,google_places,approved,approved,TX batch — no_website (Flower Mound),https://maps.google.com/?cid=15307825103987839698&g_mp=Cidnb29nbGUubWFwcy5wbGFjZXMudjEuUGxhY2VzLlNlYXJjaFRleHQQAhgEIAA,texas
United Plumbing of Flower Mound,united-plumbing-of-flower-mound-flower-mound,home_services,plumber,"1510 Wood Creek Dr, Flower Mound, TX 75028",Flower Mound,(972) 567-4600,http://unitedplumbing8.godaddysites.com/,social_or_directory_only,google_places,approved,approved,TX batch — social_or_directory_only (Flower Mound),https://maps.google.com/?cid=3753156940249242636&g_mp=Cidnb29nbGUubWFwcy5wbGFjZXMudjEuUGxhY2VzLlNlYXJjaFRleHQQAhgEIAA,texas
RILEY PLUMBING & MECHANICAL,riley-plumbing-mechanical-fort-worth,home_services,plumber,"6704 AZLE AVENUE, FORT WORTH, TX 76135",Fort Worth,(817) 237-8104,,no_website,tsbpe_verified,approved,approved,TX batch — no_website (Fort Worth),https://maps.google.com/?cid=13268926982810398869&g_mp=Cidnb29nbGUubWFwcy5wbGFjZXMudjEuUGxhY2VzLlNlYXJjaFRleHQQAhgEIAA,texas
DAVID HERBORT PLUMBING AND GENERAL SERVICES LLC,david-herbort-plumbing-and-general-services-llc-fredericksbu,home_services,plumber,"1800 CENTER POINT RD., FREDERICKSBURG, TX 78624-8119",Fredericksburg,(830) 990-0996,,no_website,tsbpe_verified,approved,approved,TX batch — no_website (Fredericksburg),https://maps.google.com/?cid=17102091726281081095&g_mp=Cidnb29nbGUubWFwcy5wbGFjZXMudjEuUGxhY2VzLlNlYXJjaFRleHQQAhgEIAA,texas
VIP PLUMBING EXPERTS LLC,vip-plumbing-experts-llc-frisco,home_services,plumber,"5566 Main St, Frisco, TX 75033",Frisco,(469) 486-0687,,no_website,google_places,approved,approved,TX batch — no_website (Frisco),https://maps.google.com/?cid=3056753035703055885&g_mp=Cidnb29nbGUubWFwcy5wbGFjZXMudjEuUGxhY2VzLlNlYXJjaFRleHQQAhgEIAA,texas
Paul's Plumbing,paul-s-plumbing-galveston,home_services,plumber,"4605 Avenue Q, Galveston, TX 77551",Galveston,(409) 762-6466,,no_website,google_places,approved,approved,TX batch — no_website (Galveston),https://maps.google.com/?cid=5095169497230056845&g_mp=Cidnb29nbGUubWFwcy5wbGFjZXMudjEuUGxhY2VzLlNlYXJjaFRleHQQAhgEIAA,texas
Robinson Plumbing,robinson-plumbing-galveston,home_services,plumber,"4527 Avenue P 1/2, Galveston, TX 77551",Galveston,(409) 763-3063,,no_website,google_places,approved,approved,TX batch — no_website (Galveston),https://maps.google.com/?cid=7206006440856632442&g_mp=Cidnb29nbGUubWFwcy5wbGFjZXMudjEuUGxhY2VzLlNlYXJjaFRleHQQAhgEIAA,texas
Stewart Plumbing Services,stewart-plumbing-services-galveston,home_services,plumber,"23 Campeche Dr, Galveston, TX 77554",Galveston,(409) 771-2777,,no_website,google_places,approved,approved,TX batch — no_website (Galveston),https://maps.google.com/?cid=15827011376228534506&g_mp=Cidnb29nbGUubWFwcy5wbGFjZXMudjEuUGxhY2VzLlNlYXJjaFRleHQQAhgEIAA,texas
Apple Plumbing Georgetown,apple-plumbing-georgetown-georgetown,home_services,plumber,"2995 Williams Dr, Georgetown, TX 78628",Georgetown,(737) 520-3433,https://highpoint-plumbing.com/,website_url_not_reachable,google_places,approved,approved,TX batch — website_url_not_reachable (Georgetown),https://maps.google.com/?cid=9401183906468022043&g_mp=Cidnb29nbGUubWFwcy5wbGFjZXMudjEuUGxhY2VzLlNlYXJjaFRleHQQAhgEIAA,texas
Brown Plumbing Co.,brown-plumbing-co-georgetown,home_services,plumber,"205 E University Ave #171, Georgetown, TX 78626",Georgetown,(737) 383-2273,https://brownplumbingcoinc.com/,website_url_not_reachable,google_places,approved,approved,TX batch — website_url_not_reachable (Georgetown),https://maps.google.com/?cid=9721853059397096413&g_mp=Cidnb29nbGUubWFwcy5wbGFjZXMudjEuUGxhY2VzLlNlYXJjaFRleHQQAhgEIAA,texas
Lee Whiteaker Plumbing,lee-whiteaker-plumbing-georgetown,home_services,plumber,"2100 Co Rd 152, Georgetown, TX 78626",Georgetown,(512) 869-4828,,no_website,google_places,approved,approved,TX batch — no_website (Georgetown),https://maps.google.com/?cid=17233611799060771758&g_mp=Cidnb29nbGUubWFwcy5wbGFjZXMudjEuUGxhY2VzLlNlYXJjaFRleHQQAhgEIAA,texas
Walker Plumbing Co Inc,walker-plumbing-co-inc-georgetown,home_services,plumber,"375 Green Acres, Georgetown, TX 78626",Georgetown,(512) 863-0469,,no_website,google_places,approved,approved,TX batch — no_website (Georgetown),https://maps.google.com/?cid=11519719420866197317&g_mp=Cidnb29nbGUubWFwcy5wbGFjZXMudjEuUGxhY2VzLlNlYXJjaFRleHQQAhgEIAA,texas
Green Star Plumbing Company Grand Prairie-Plumber,green-star-plumbing-company-grand-prairie-plumber-grand-prai,home_services,plumber,"1551 State Hwy 161, Grand Prairie, TX 75050",Grand Prairie,(972) 559-0174,,no_website,google_places,approved,approved,TX batch — no_website (Grand Prairie),https://maps.google.com/?cid=14246105029552549772&g_mp=Cidnb29nbGUubWFwcy5wbGFjZXMudjEuUGxhY2VzLlNlYXJjaFRleHQQAhgEIAA,texas
McG Krush Plumbing Solutions,mcg-krush-plumbing-solutions-grand-prairie,home_services,plumber,"1610 W Polo Rd, Grand Prairie, TX 75052",Grand Prairie,(682) 553-0163,,no_website,google_places,approved,approved,TX batch — no_website (Grand Prairie),https://maps.google.com/?cid=6862134850280449926&g_mp=Cidnb29nbGUubWFwcy5wbGFjZXMudjEuUGxhY2VzLlNlYXJjaFRleHQQAhgEIAA,texas
"Impact Plumbing, LLC",impact-plumbing-llc-groves,home_services,plumber,"3944 Main Ave, Groves, TX 77619",Groves,(409) 962-5547,https://www.impactplumbingllc.com/?utm_source=GMB&utm_medium=organic&utm_campaign=beaumont,website_url_not_reachable,google_places,approved,approved,TX batch — website_url_not_reachable (Port Arthur),https://maps.google.com/?cid=5088829888315323150&g_mp=Cidnb29nbGUubWFwcy5wbGFjZXMudjEuUGxhY2VzLlNlYXJjaFRleHQQAhgEIAA,texas
Curtis & Sons Plumbing,curtis-sons-plumbing-harker-heights,home_services,plumber,"303 S Amy Ln #4800, Harker Heights, TX 76548",Harker Heights,(254) 271-0541,,no_website,google_places,approved,approved,TX batch — no_website (Killeen),https://maps.google.com/?cid=6353614309705204306&g_mp=Cidnb29nbGUubWFwcy5wbGFjZXMudjEuUGxhY2VzLlNlYXJjaFRleHQQAhgEIAA,texas
Allstar Plumbing,allstar-plumbing-harlingen,home_services,plumber,"4901 E Grimes St, Harlingen, TX 78550",Harlingen,(956) 425-7378,,no_website,google_places,approved,approved,TX batch — no_website (Harlingen),https://maps.google.com/?cid=12037769831914815013&g_mp=Cidnb29nbGUubWFwcy5wbGFjZXMudjEuUGxhY2VzLlNlYXJjaFRleHQQAhgEIAA,texas
Asbury's Master Plumbing Inc,asbury-s-master-plumbing-inc-harlingen,home_services,plumber,"401 E Van Buren Ave, Harlingen, TX 78550",Harlingen,(956) 440-8026,,no_website,google_places,approved,approved,TX batch — no_website (Harlingen),https://maps.google.com/?cid=1466477531065204&g_mp=Cidnb29nbGUubWFwcy5wbGFjZXMudjEuUGxhY2VzLlNlYXJjaFRleHQQAhgEIAA,texas
"Bud's Quality Plumbing, Inc.",bud-s-quality-plumbing-inc-harlingen,home_services,plumber,"912 N Commerce St, Harlingen, TX 78550",Harlingen,(956) 423-3421,,no_website,google_places,approved,approved,TX batch — no_website (Brownsville),https://maps.google.com/?cid=14573943275188620978&g_mp=Cidnb29nbGUubWFwcy5wbGFjZXMudjEuUGxhY2VzLlNlYXJjaFRleHQQAhgEIAA,texas
Central Showrooms,central-showrooms-harlingen,home_services,plumber,"1710 E Tyler Ave, Harlingen, TX 78550",Harlingen,(956) 423-6387,http://www.plumbingandelectric.com/,website_url_not_reachable,google_places,approved,approved,TX batch — website_url_not_reachable (Harlingen),https://maps.google.com/?cid=13097468304055799814&g_mp=Cidnb29nbGUubWFwcy5wbGFjZXMudjEuUGxhY2VzLlNlYXJjaFRleHQQAhgEIAA,texas
Rick's Plumbing,rick-s-plumbing-harlingen,home_services,plumber,"102 E Filmore Ave, Harlingen, TX 78550",Harlingen,(956) 428-0756,,no_website,google_places,approved,approved,TX batch — no_website (Harlingen),https://maps.google.com/?cid=9429512283924767065&g_mp=Cidnb29nbGUubWFwcy5wbGFjZXMudjEuUGxhY2VzLlNlYXJjaFRleHQQAhgEIAA,texas
Roman's Plumbing,roman-s-plumbing-harlingen,home_services,plumber,"513 E Jackson Ave #224, Harlingen, TX 78550",Harlingen,(956) 423-1208,,no_website,google_places,approved,approved,TX batch — no_website (Harlingen),https://maps.google.com/?cid=213268176231771193&g_mp=Cidnb29nbGUubWFwcy5wbGFjZXMudjEuUGxhY2VzLlNlYXJjaFRleHQQAhgEIAA,texas
"CMP Plumbing, LLC",cmp-plumbing-llc-houston,home_services,plumber,"5803 Brookfield Dr, Houston, TX 77085",Houston,(713) 571-2474,http://cmpplumbingllc.com/?y_source=1_NTU3NTQyNDQtNzE1LWxvY2F0aW9uLndlYnNpdGU%3D,website_url_not_reachable,google_places,approved,approved,TX batch — website_url_not_reachable (Missouri City),https://maps.google.com/?cid=16408601579525909977&g_mp=Cidnb29nbGUubWFwcy5wbGFjZXMudjEuUGxhY2VzLlNlYXJjaFRleHQQAhgEIAA,texas
First Aid Plumbing Specialist INC,first-aid-plumbing-specialist-inc-houston,home_services,plumber,"9847 Sageroyal Ln, Houston, TX 77089",Houston,(832) 279-3065,,no_website,google_places,approved,approved,TX batch — no_website (Sugar Land),https://maps.google.com/?cid=274318826604571689&g_mp=Cidnb29nbGUubWFwcy5wbGFjZXMudjEuUGxhY2VzLlNlYXJjaFRleHQQAhgEIAA,texas
Speedway Plumbing 24 Hour Plumber,speedway-plumbing-24-hour-plumber-houston,home_services,plumber,"7702 Braesridge Ct, Houston, TX 77071",Houston,(713) 597-3649,https://missouri-city.speedwayplumbingtexas.com/,website_url_not_reachable,google_places,approved,approved,TX batch — website_url_not_reachable (Missouri City),https://maps.google.com/?cid=6112104771650153557&g_mp=Cidnb29nbGUubWFwcy5wbGFjZXMudjEuUGxhY2VzLlNlYXJjaFRleHQQAhgEIAA,texas
Action Plumbing,action-plumbing-huntsville,home_services,plumber,"7130 TX-75, Huntsville, TX 77340",Huntsville,(936) 295-4499,,no_website,google_places,approved,approved,TX batch — no_website (Huntsville),https://maps.google.com/?cid=15106844334219812302&g_mp=Cidnb29nbGUubWFwcy5wbGFjZXMudjEuUGxhY2VzLlNlYXJjaFRleHQQAhgEIAA,texas
Affordable Plumbing Co,affordable-plumbing-co-huntsville,home_services,plumber,"8 Frank Cloud Rd, Huntsville, TX 77320",Huntsville,(936) 291-7886,,no_website,google_places,approved,approved,TX batch — no_website (Huntsville),https://maps.google.com/?cid=5405479699337119965&g_mp=Cidnb29nbGUubWFwcy5wbGFjZXMudjEuUGxhY2VzLlNlYXJjaFRleHQQAhgEIAA,texas
Full Force Plumbing,full-force-plumbing-huntsville,home_services,plumber,"248 Arizona Ln, Huntsville, TX 77320",Huntsville,(936) 291-8312,,no_website,google_places,approved,approved,TX batch — no_website (Huntsville),https://maps.google.com/?cid=1440337284054851265&g_mp=Cidnb29nbGUubWFwcy5wbGFjZXMudjEuUGxhY2VzLlNlYXJjaFRleHQQAhgEIAA,texas
JC’s Plumbing Service,jc-s-plumbing-service-huntsville,home_services,plumber,"80 Frank Cloud Rd, Huntsville, TX 77320",Huntsville,(936) 577-0285,,no_website,google_places,approved,approved,TX batch — no_website (Huntsville),https://maps.google.com/?cid=15656575067134804823&g_mp=Cidnb29nbGUubWFwcy5wbGFjZXMudjEuUGxhY2VzLlNlYXJjaFRleHQQAhgEIAA,texas
"M2 Plumbing & Drains, LLC",m2-plumbing-drains-llc-hurst,home_services,plumber,"10706 S Pipeline Rd #120, Hurst, TX 76053",Hurst,(817) 528-9827,http://monroeoncall.com/,website_url_not_reachable,google_places,approved,approved,TX batch — website_url_not_reachable (Euless),https://maps.google.com/?cid=11839391259765191226&g_mp=Cidnb29nbGUubWFwcy5wbGFjZXMudjEuUGxhY2VzLlNlYXJjaFRleHQQAhgEIAA,texas
Stevens Plumbing & Repair,stevens-plumbing-repair-inez,home_services,plumber,"145 Wigington Ln, Inez, TX 77968",Inez,(361) 575-3207,,no_website,google_places,approved,approved,TX batch — no_website (Victoria),https://maps.google.com/?cid=502558499695406966&g_mp=Cidnb29nbGUubWFwcy5wbGFjZXMudjEuUGxhY2VzLlNlYXJjaFRleHQQAhgEIAA,texas
Link Plumbing,link-plumbing-iowa-park,home_services,plumber,"2429 Peterson Rd S, Iowa Park, TX 76367",Iowa Park,(940) 257-5783,,no_website,google_places,approved,approved,TX batch — no_website (Wichita Falls),https://maps.google.com/?cid=13362581648327042284&g_mp=Cidnb29nbGUubWFwcy5wbGFjZXMudjEuUGxhY2VzLlNlYXJjaFRleHQQAhgEIAA,texas
Monty's Plumbing & Septic Tank,monty-s-plumbing-septic-tank-iowa-park,home_services,plumber,"1401 N Victoria Ave R, Iowa Park, TX 76367",Iowa Park,(940) 592-4928,,no_website,google_places,approved,approved,TX batch — no_website (Wichita Falls),https://maps.google.com/?cid=15331543875981858662&g_mp=Cidnb29nbGUubWFwcy5wbGFjZXMudjEuUGxhY2VzLlNlYXJjaFRleHQQAhgEIAA,texas
BAR-B PLUMBING CO INC,bar-b-plumbing-co-inc-kempner,home_services,plumber,"3330 Lois Ln, Kempner, TX 76539",Kempner,(254) 547-2493,,no_website,tsbpe_verified,approved,approved,TX batch — no_website (Kempner),https://maps.google.com/?cid=2041022636812706927&g_mp=Cidnb29nbGUubWFwcy5wbGFjZXMudjEuUGxhY2VzLlNlYXJjaFRleHQQAhgEIAA,texas
Alsop Plumbing,alsop-plumbing-killeen,home_services,plumber,"4105 E Stan Schlueter Loop, Killeen, TX 76542",Killeen,(254) 699-6647,,no_website,google_places,approved,approved,TX batch — no_website (Killeen),https://maps.google.com/?cid=5974173547158573987&g_mp=Cidnb29nbGUubWFwcy5wbGFjZXMudjEuUGxhY2VzLlNlYXJjaFRleHQQAhgEIAA,texas
My Plumbing,my-plumbing-killeen,home_services,plumber,"5212 Tiffany Cir, Killeen, TX 76549",Killeen,(254) 371-5657,,no_website,google_places,approved,approved,TX batch — no_website (Killeen),https://maps.google.com/?cid=5424442198924087783&g_mp=Cidnb29nbGUubWFwcy5wbGFjZXMudjEuUGxhY2VzLlNlYXJjaFRleHQQAhgEIAA,texas
DAN'S ALL AMERICAN PLUMBING LLC,dan-s-all-american-plumbing-llc-kirbyville,home_services,plumber,"1033 Co Rd 407, Kirbyville, TX 75956",Kirbyville,(409) 423-5773,,no_website,tsbpe_verified,approved,approved,TX batch — no_website (Kirbyville),https://maps.google.com/?cid=542009835207468825&g_mp=Cidnb29nbGUubWFwcy5wbGFjZXMudjEuUGxhY2VzLlNlYXJjaFRleHQQAhgEIAA,texas
"HARDIN COUNTY PLUMBING SERVICES, LLC.",hardin-county-plumbing-services-llc-kountze,home_services,plumber,"105 W Crocker St, Kountze, TX 77625",Kountze,(409) 246-4740,https://www.facebook.com/profile.php?id=100092685455074,social_or_directory_only,tsbpe_verified,approved,approved,TX batch — social_or_directory_only (Kountze),https://maps.google.com/?cid=11529771469441862063&g_mp=Cidnb29nbGUubWFwcy5wbGFjZXMudjEuUGxhY2VzLlNlYXJjaFRleHQQAhgEIAA,texas
Kyle Plumbing & Drain,kyle-plumbing-drain-kyle,home_services,plumber,"3080 Kyle Crossing #235, Kyle, TX 78640",Kyle,(737) 286-8229,,no_website,google_places,approved,approved,TX batch — no_website (Kyle),https://maps.google.com/?cid=2186993272466863095&g_mp=Cidnb29nbGUubWFwcy5wbGFjZXMudjEuUGxhY2VzLlNlYXJjaFRleHQQAhgEIAA,texas
Travis Cox Plumbing Co LLC,travis-cox-plumbing-co-llc-kyle,home_services,plumber,"8600 Ranch to Market Rd 150, Kyle, TX 78640",Kyle,(512) 842-1301,,no_website,google_places,approved,approved,TX batch — no_website (Kyle),https://maps.google.com/?cid=17785343790188439005&g_mp=Cidnb29nbGUubWFwcy5wbGFjZXMudjEuUGxhY2VzLlNlYXJjaFRleHQQAhgEIAA,texas
Real Texas Plumbing - Heating and Air,real-texas-plumbing-heating-and-air-lago-vista,home_services,plumber,"20811 Dawn Dr Unit #706, Lago Vista, TX 78645",Lago Vista,(512) 662-2949,https://realtexasplumbing.com/,website_url_not_reachable,google_places,approved,approved,TX batch — website_url_not_reachable (Cedar Park),https://maps.google.com/?cid=2461857046366876050&g_mp=Cidnb29nbGUubWFwcy5wbGFjZXMudjEuUGxhY2VzLlNlYXJjaFRleHQQAhgEIAA,texas
A-Plus Plumbing Contractor,a-plus-plumbing-contractor-laredo,home_services,plumber,"182 Old Milwaukee Rd, Laredo, TX 78043",Laredo,(956) 237-7810,,no_website,google_places,approved,approved,TX batch — no_website (Laredo),https://maps.google.com/?cid=4944507591328352192&g_mp=Cidnb29nbGUubWFwcy5wbGFjZXMudjEuUGxhY2VzLlNlYXJjaFRleHQQAhgEIAA,texas
Arellano's Plumbing,arellano-s-plumbing-laredo,home_services,plumber,"1217 Clark Blvd, Laredo, TX 78040",Laredo,(956) 795-0751,,no_website,google_places,approved,approved,TX batch — no_website (Laredo),https://maps.google.com/?cid=6602798396805551368&g_mp=Cidnb29nbGUubWFwcy5wbGFjZXMudjEuUGxhY2VzLlNlYXJjaFRleHQQAhgEIAA,texas
Border Plumbing Services,border-plumbing-services-laredo,home_services,plumber,"203 Rancho Grande, Laredo, TX 78043",Laredo,(956) 285-1540,,no_website,google_places,approved,approved,TX batch — no_website (Laredo),https://maps.google.com/?cid=4729308943134842634&g_mp=Cidnb29nbGUubWFwcy5wbGFjZXMudjEuUGxhY2VzLlNlYXJjaFRleHQQAhgEIAA,texas
City Plumbing Co,city-plumbing-co-laredo,home_services,plumber,"315 Iturbide St, Laredo, TX 78040",Laredo,(956) 723-9513,,no_website,google_places,approved,approved,TX batch — no_website (Laredo),https://maps.google.com/?cid=11586088307460848219&g_mp=Cidnb29nbGUubWFwcy5wbGFjZXMudjEuUGxhY2VzLlNlYXJjaFRleHQQAhgEIAA,texas
E Maldonado & Sons Plumbing Co,e-maldonado-sons-plumbing-co-laredo,home_services,plumber,"506 Boise Way, Laredo, TX 78041",Laredo,(956) 724-3675,,no_website,google_places,approved,approved,TX batch — no_website (Laredo),https://maps.google.com/?cid=13324260547358574830&g_mp=Cidnb29nbGUubWFwcy5wbGFjZXMudjEuUGxhY2VzLlNlYXJjaFRleHQQAhgEIAA,texas
North Side Air Conditioning,north-side-air-conditioning-laredo,home_services,plumber,"1401 Guatemozin St, Laredo, TX 78040",Laredo,(956) 725-7428,,no_website,google_places,approved,approved,TX batch — no_website (Laredo),https://maps.google.com/?cid=18267925524312641358&g_mp=Cidnb29nbGUubWFwcy5wbGFjZXMudjEuUGxhY2VzLlNlYXJjaFRleHQQAhgEIAA,texas
Ruiz Handyman Service,ruiz-handyman-service-laredo,home_services,plumber,"622 Birchwood Ln Apt B, Laredo, TX 78041",Laredo,(956) 290-1000,,no_website,google_places,approved,approved,TX batch — no_website (Laredo),https://maps.google.com/?cid=6055406132409981911&g_mp=Cidnb29nbGUubWFwcy5wbGFjZXMudjEuUGxhY2VzLlNlYXJjaFRleHQQAhgEIAA,texas
South Texas Plumbing Contractors,south-texas-plumbing-contractors-laredo,home_services,plumber,"109 Flecha Ln Ste B, Laredo, TX 78045",Laredo,(956) 333-6935,http://www.southtexasplumbingcontractors.com/,website_url_not_reachable,google_places,approved,approved,TX batch — website_url_not_reachable (Laredo),https://maps.google.com/?cid=1687279349361902417&g_mp=Cidnb29nbGUubWFwcy5wbGFjZXMudjEuUGxhY2VzLlNlYXJjaFRleHQQAhgEIAA,texas
Texas Directional Boring,texas-directional-boring-laredo,home_services,plumber,"1100 Matamoros St 2nd Fl, Laredo, TX 78040",Laredo,(855) 233-9383,,no_website,google_places,approved,approved,TX batch — no_website (Laredo),https://maps.google.com/?cid=8580480916260747347&g_mp=Cidnb29nbGUubWFwcy5wbGFjZXMudjEuUGxhY2VzLlNlYXJjaFRleHQQAhgEIAA,texas
Galveston Island Plumbing & Drain Cleaning,galveston-island-plumbing-drain-cleaning-league-city,home_services,plumber,"1401 Link Rd, League City, TX 77573",League City,(346) 910-7697,https://www.galvestonplumbingdrains.com/league-city/?utm_source=google&utm_medium=gmb-league-city,website_url_not_reachable,google_places,approved,approved,TX batch — website_url_not_reachable (League City),https://maps.google.com/?cid=4085554335166937103&g_mp=Cidnb29nbGUubWFwcy5wbGFjZXMudjEuUGxhY2VzLlNlYXJjaFRleHQQAhgEIAA,texas
Ryno Plumbing LLC,ryno-plumbing-llc-league-city,home_services,plumber,"4420 Canonsburg Ln, League City, TX 77573",League City,(281) 520-5737,https://rynoplumbing.com/,website_url_not_reachable,google_places,approved,approved,TX batch — website_url_not_reachable (League City),https://maps.google.com/?cid=463716894642064153&g_mp=Cidnb29nbGUubWFwcy5wbGFjZXMudjEuUGxhY2VzLlNlYXJjaFRleHQQAhgEIAA,texas
Speedway Plumbing League City,speedway-plumbing-league-city-league-city,home_services,plumber,"2309 Acacia Ct, League City, TX 77573",League City,(713) 352-1590,https://league-city-tx.speedwayplumbingtexas.com/,website_url_not_reachable,google_places,approved,approved,TX batch — website_url_not_reachable (League City),https://maps.google.com/?cid=7648401436450470275&g_mp=Cidnb29nbGUubWFwcy5wbGFjZXMudjEuUGxhY2VzLlNlYXJjaFRleHQQAhgEIAA,texas
Plumb Doctors Inc.,plumb-doctors-inc-leander,home_services,plumber,"1519 Dillon Lake Bend, Leander, TX 78641",Leander,(512) 960-0044,https://www.facebook.com/share/1CEr9xiiFV/,social_or_directory_only,google_places,approved,approved,TX batch — social_or_directory_only (Cedar Park),https://maps.google.com/?cid=7927919975739228190&g_mp=Cidnb29nbGUubWFwcy5wbGFjZXMudjEuUGxhY2VzLlNlYXJjaFRleHQQAhgEIAA,texas
H&M Plumbing and Drain,h-m-plumbing-and-drain-lewisville,home_services,plumber,"1702 S State Hwy 121 Bus Suite 412, Lewisville, TX 75067",Lewisville,(972) 903-4900,,no_website,google_places,approved,approved,TX batch — no_website (Lewisville),https://maps.google.com/?cid=16838157083465452527&g_mp=Cidnb29nbGUubWFwcy5wbGFjZXMudjEuUGxhY2VzLlNlYXJjaFRleHQQAhgEIAA,texas
RHD Primary Plumbing LLC,rhd-primary-plumbing-llc-lewisville,home_services,plumber,"1501 Glencairn Ln, Lewisville, TX 75067",Lewisville,(214) 714-1041,http://www.rhdprimaryplumbing.com/,website_url_not_reachable,google_places,approved,approved,TX batch — website_url_not_reachable (Flower Mound),https://maps.google.com/?cid=17864875769822967146&g_mp=Cidnb29nbGUubWFwcy5wbGFjZXMudjEuUGxhY2VzLlNlYXJjaFRleHQQAhgEIAA,texas
MIKE'S PLUMBING,mike-s-plumbing-little-river-academy,home_services,plumber,"606 Arbor Cove, Little River-Academy, TX 76554",Little River-Academy,(254) 231-8101,,no_website,google_places,approved,approved,TX batch — no_website (Temple),https://maps.google.com/?cid=15638956581714222699&g_mp=Cidnb29nbGUubWFwcy5wbGFjZXMudjEuUGxhY2VzLlNlYXJjaFRleHQQAhgEIAA,texas
Diversified Plumbing,diversified-plumbing-longview,home_services,plumber,"2906 Red Gum Gap St, Longview, TX 75605",Longview,(903) 261-5065,https://www.facebook.com/Diversified-Plumbing-389519314408376/,social_or_directory_only,google_places,approved,approved,TX batch — social_or_directory_only (Longview),https://maps.google.com/?cid=4249859827961655300&g_mp=Cidnb29nbGUubWFwcy5wbGFjZXMudjEuUGxhY2VzLlNlYXJjaFRleHQQAhgEIAA,texas
Luca's Plumbing,luca-s-plumbing-longview,home_services,plumber,"117 E Hoyt Dr #8100, Longview, TX 75601",Longview,(903) 364-3997,,no_website,google_places,approved,approved,TX batch — no_website (Longview),https://maps.google.com/?cid=12514724178786639132&g_mp=Cidnb29nbGUubWFwcy5wbGFjZXMudjEuUGxhY2VzLlNlYXJjaFRleHQQAhgEIAA,texas
"Napps Cooling, Heating & Plumbing",napps-cooling-heating-plumbing-longview,home_services,plumber,"1003 W Cotton St, Longview, TX 75604",Longview,(903) 686-1289,https://nappsac.com/?utm_medium=organic&utm_source=google&utm_campaign=gbp,website_url_not_reachable,google_places,approved,approved,TX batch — website_url_not_reachable (Longview),https://maps.google.com/?cid=4112343572198055603&g_mp=Cidnb29nbGUubWFwcy5wbGFjZXMudjEuUGxhY2VzLlNlYXJjaFRleHQQAhgEIAA,texas
Next Plumbing & Heating,next-plumbing-heating-longview,home_services,plumber,"911 W Loop 281 #411, Longview, TX 75605",Longview,(903) 608-6628,,no_website,google_places,approved,approved,TX batch — no_website (Longview),https://maps.google.com/?cid=260123327901811949&g_mp=Cidnb29nbGUubWFwcy5wbGFjZXMudjEuUGxhY2VzLlNlYXJjaFRleHQQAhgEIAA,texas
Gator Plumbing,gator-plumbing-los-fresnos,home_services,plumber,"41786 FM510, Los Fresnos, TX 78566",Los Fresnos,(956) 761-2620,,no_website,google_places,approved,approved,TX batch — no_website (Brownsville),https://maps.google.com/?cid=1235802922018173526&g_mp=Cidnb29nbGUubWFwcy5wbGFjZXMudjEuUGxhY2VzLlNlYXJjaFRleHQQAhgEIAA,texas
Action Air Plumbing & Septic,action-air-plumbing-septic-lubbock,home_services,plumber,"8211 Avenue D, Lubbock, TX 79404",Lubbock,(806) 214-2722,https://actionairlubbock.com/,website_url_not_reachable,google_places,approved,approved,TX batch — website_url_not_reachable (Lubbock),https://maps.google.com/?cid=17194072896015002668&g_mp=Cidnb29nbGUubWFwcy5wbGFjZXMudjEuUGxhY2VzLlNlYXJjaFRleHQQAhgEIAA,texas
Cotton City Plumbing,cotton-city-plumbing-lubbock,home_services,plumber,"1306 146th St, Lubbock, TX 79423",Lubbock,(806) 441-4110,https://cottoncityplumbing.com/,website_url_not_reachable,google_places,approved,approved,TX batch — website_url_not_reachable (Lubbock),https://maps.google.com/?cid=14122116929879608832&g_mp=Cidnb29nbGUubWFwcy5wbGFjZXMudjEuUGxhY2VzLlNlYXJjaFRleHQQAhgEIAA,texas
"Leak-Tek Plumbing, Heating & Air",leak-tek-plumbing-heating-air-lubbock,home_services,plumber,"5821 50th St Unit C, Lubbock, TX 79424",Lubbock,(806) 451-9966,https://700035059.hibuwebsites.com/,website_url_not_reachable,google_places,approved,approved,TX batch — website_url_not_reachable (Lubbock),https://maps.google.com/?cid=17638396491472296208&g_mp=Cidnb29nbGUubWFwcy5wbGFjZXMudjEuUGxhY2VzLlNlYXJjaFRleHQQAhgEIAA,texas
Pro Plumbing Lubbock TX,pro-plumbing-lubbock-tx-lubbock,home_services,plumber,"2420 Broadway St, Lubbock, TX 79401",Lubbock,(806) 589-5171,http://proplumbinglubbocktx.com/,website_url_not_reachable,google_places,approved,approved,TX batch — website_url_not_reachable (Lubbock),https://maps.google.com/?cid=3870975002346071439&g_mp=Cidnb29nbGUubWFwcy5wbGFjZXMudjEuUGxhY2VzLlNlYXJjaFRleHQQAhgEIAA,texas
First Class Plumbing,first-class-plumbing-lumberton,home_services,plumber,"55 W Chance Cutoff Ste 600, Lumberton, TX 77657",Lumberton,(409) 227-0423,https://www.firstclassplumbing.org/,website_url_not_reachable,google_places,approved,approved,TX batch — website_url_not_reachable (Beaumont),https://maps.google.com/?cid=13476672029247489269&g_mp=Cidnb29nbGUubWFwcy5wbGFjZXMudjEuUGxhY2VzLlNlYXJjaFRleHQQAhgEIAA,texas
Advanced Aqua Plumbing LLC,advanced-aqua-plumbing-llc-mansfield,home_services,plumber,"1285 N Main St #302, Mansfield, TX 76063",Mansfield,(817) 453-9550,,no_website,google_places,approved,approved,TX batch — no_website (Mansfield),https://maps.google.com/?cid=6241511837768069097&g_mp=Cidnb29nbGUubWFwcy5wbGFjZXMudjEuUGxhY2VzLlNlYXJjaFRleHQQAhgEIAA,texas
B Garza Plumbing,b-garza-plumbing-mcallen,home_services,plumber,"4603 N Jackson Rd, McAllen, TX 78504",McAllen,(956) 682-3989,,no_website,google_places,approved,approved,TX batch — no_website (Pharr),https://maps.google.com/?cid=9621597153215870249&g_mp=Cidnb29nbGUubWFwcy5wbGFjZXMudjEuUGxhY2VzLlNlYXJjaFRleHQQAhgEIAA,texas
Hugo's Plumbing Service,hugo-s-plumbing-service-mcallen,home_services,plumber,"3005 Providence Ave, McAllen, TX 78504",McAllen,(956) 503-8368,,no_website,google_places,approved,approved,TX batch — no_website (McAllen),https://maps.google.com/?cid=14088619552774690906&g_mp=Cidnb29nbGUubWFwcy5wbGFjZXMudjEuUGxhY2VzLlNlYXJjaFRleHQQAhgEIAA,texas
Toby's Plumbing Inc,toby-s-plumbing-inc-mcallen,home_services,plumber,"605 E Beech Ave, McAllen, TX 78501",McAllen,(956) 687-3627,,no_website,google_places,approved,approved,TX batch — no_website (McAllen),https://maps.google.com/?cid=10273906593625400639&g_mp=Cidnb29nbGUubWFwcy5wbGFjZXMudjEuUGxhY2VzLlNlYXJjaFRleHQQAhgEIAA,texas
plumbersmesquitetx.co,plumbersmesquitetx-co-mesquite,home_services,plumber,"15332 Lyndon B Johnson Fwy, Mesquite, TX 75150",Mesquite,(972) 379-7257,,no_website,google_places,approved,approved,TX batch — no_website (Mesquite),https://maps.google.com/?cid=16730952452507028664&g_mp=Cidnb29nbGUubWFwcy5wbGFjZXMudjEuUGxhY2VzLlNlYXJjaFRleHQQAhgEIAA,texas
Castro's Plumbing,castro-s-plumbing-midland,home_services,plumber,"901 San Andres Dr, Midland, TX 79706",Midland,(432) 687-1816,,no_website,google_places,approved,approved,TX batch — no_website (Midland),https://maps.google.com/?cid=11718616848613896249&g_mp=Cidnb29nbGUubWFwcy5wbGFjZXMudjEuUGxhY2VzLlNlYXJjaFRleHQQAhgEIAA,texas
Ellis & Sons Plumbing Heating,ellis-sons-plumbing-heating-midland,home_services,plumber,"201 E Dengar Ave, Midland, TX 79705",Midland,(432) 683-2679,,no_website,google_places,approved,approved,TX batch — no_website (Midland),https://maps.google.com/?cid=14014351057562400286&g_mp=Cidnb29nbGUubWFwcy5wbGFjZXMudjEuUGxhY2VzLlNlYXJjaFRleHQQAhgEIAA,texas
Goode Plumbing Inc,goode-plumbing-inc-midland,home_services,plumber,"5608 S County Rd 1195, Midland, TX 79706",Midland,(432) 682-8071,,no_website,google_places,approved,approved,TX batch — no_website (Midland),https://maps.google.com/?cid=12108214373502604542&g_mp=Cidnb29nbGUubWFwcy5wbGFjZXMudjEuUGxhY2VzLlNlYXJjaFRleHQQAhgEIAA,texas
DELLACO INC,dellaco-inc-midlothian,home_services,plumber,"3031 ROBINSON RD STE F, MIDLOTHIAN, TX 76065",Midlothian,(972) 723-3811,https://dellaco.com/,website_url_not_reachable,tsbpe_verified,approved,approved,TX batch — website_url_not_reachable (Midlothian),https://maps.google.com/?cid=5329380573916361953&g_mp=Cidnb29nbGUubWFwcy5wbGFjZXMudjEuUGxhY2VzLlNlYXJjaFRleHQQAhgEIAA,texas
Elizondo Plumbing Inc,elizondo-plumbing-inc-mission,home_services,plumber,"503 W Griffin Pkwy, Mission, TX 78572",Mission,(956) 581-8071,,no_website,google_places,approved,approved,TX batch — no_website (Pharr),https://maps.google.com/?cid=3583083274933735375&g_mp=Cidnb29nbGUubWFwcy5wbGFjZXMudjEuUGxhY2VzLlNlYXJjaFRleHQQAhgEIAA,texas
R & R Plumbing,r-r-plumbing-mission,home_services,plumber,"6501 N Minnesota Rd, Mission, TX 78574",Mission,(956) 585-6744,,no_website,google_places,approved,approved,TX batch — no_website (McAllen),https://maps.google.com/?cid=14689019348980925964&g_mp=Cidnb29nbGUubWFwcy5wbGFjZXMudjEuUGxhY2VzLlNlYXJjaFRleHQQAhgEIAA,texas
Bergeman Plumbing,bergeman-plumbing-missouri-city,home_services,plumber,"1901 Texas Pkwy, Missouri City, TX 77489",Missouri City,(281) 247-0435,https://sites.google.com/view/untitlebergeman-plumbingd-site/home,social_or_directory_only,google_places,approved,approved,TX batch — social_or_directory_only (Missouri City),https://maps.google.com/?cid=9870609382715554417&g_mp=Cidnb29nbGUubWFwcy5wbGFjZXMudjEuUGxhY2VzLlNlYXJjaFRleHQQAhgEIAA,texas
Gladstone Plumbing Co,gladstone-plumbing-co-missouri-city,home_services,plumber,"13840 Pike Rd, Missouri City, TX 77489",Missouri City,(281) 823-7983,,no_website,google_places,approved,approved,TX batch — no_website (Missouri City),https://maps.google.com/?cid=14480112602055943877&g_mp=Cidnb29nbGUubWFwcy5wbGFjZXMudjEuUGxhY2VzLlNlYXJjaFRleHQQAhgEIAA,texas
Handyman Plumbing LLC,handyman-plumbing-llc-missouri-city,home_services,plumber,"5730 Hwy 6 Ste 114, Missouri City, TX 77459",Missouri City,(346) 569-8024,https://sites.google.com/view/handymanplumbingllc/home,social_or_directory_only,google_places,approved,approved,TX batch — social_or_directory_only (Missouri City),https://maps.google.com/?cid=11424398905413311294&g_mp=Cidnb29nbGUubWFwcy5wbGFjZXMudjEuUGxhY2VzLlNlYXJjaFRleHQQAhgEIAA,texas
Hungen Plumbing Co.,hungen-plumbing-co-missouri-city,home_services,plumber,"3552 FM3345, Missouri City, TX 77459",Missouri City,(281) 709-2705,,no_website,google_places,approved,approved,TX batch — no_website (Missouri City),https://maps.google.com/?cid=15964354521444357406&g_mp=Cidnb29nbGUubWFwcy5wbGFjZXMudjEuUGxhY2VzLlNlYXJjaFRleHQQAhgEIAA,texas
Layne Plumbing Co,layne-plumbing-co-missouri-city,home_services,plumber,"3426 Havershire Dr, Missouri City, TX 77459",Missouri City,(281) 499-3122,,no_website,google_places,approved,approved,TX batch — no_website (Missouri City),https://maps.google.com/?cid=3199228228902696577&g_mp=Cidnb29nbGUubWFwcy5wbGFjZXMudjEuUGxhY2VzLlNlYXJjaFRleHQQAhgEIAA,texas
Roots Plumbing Co,roots-plumbing-co-missouri-city,home_services,plumber,"6422 Summer Ridge Dr, Missouri City, TX 77489",Missouri City,(281) 658-0006,,no_website,google_places,approved,approved,TX batch — no_website (Missouri City),https://maps.google.com/?cid=7629027950039142022&g_mp=Cidnb29nbGUubWFwcy5wbGFjZXMudjEuUGxhY2VzLlNlYXJjaFRleHQQAhgEIAA,texas
Speedway Plumbing Missouri City,speedway-plumbing-missouri-city-missouri-city,home_services,plumber,"4755 Hwy 6, Missouri City, TX 77459",Missouri City,(713) 481-6988,https://speedwayplumbingtexas.com/missouri-city/,website_url_not_reachable,google_places,approved,approved,TX batch — website_url_not_reachable (Missouri City),https://maps.google.com/?cid=14917744287223061592&g_mp=Cidnb29nbGUubWFwcy5wbGFjZXMudjEuUGxhY2VzLlNlYXJjaFRleHQQAhgEIAA,texas
Top Gun Plumbing & Rooter Service,top-gun-plumbing-rooter-service-missouri-city,home_services,plumber,"1751 Texas Pkwy, Missouri City, TX 77489",Missouri City,(346) 569-8011,https://sites.google.com/view/top-gun-plumbing-rooter-servic/home,social_or_directory_only,google_places,approved,approved,TX batch — social_or_directory_only (Missouri City),https://maps.google.com/?cid=2395947876966950530&g_mp=Cidnb29nbGUubWFwcy5wbGFjZXMudjEuUGxhY2VzLlNlYXJjaFRleHQQAhgEIAA,texas
Derek & Sons Plumbing LLC,derek-sons-plumbing-llc-montgomery,home_services,plumber,"3636 Honea Egypt Rd #7630, Montgomery, TX 77316",Montgomery,(936) 213-6583,,no_website,google_places,approved,approved,TX batch — no_website (Conroe),https://maps.google.com/?cid=5891860730317913416&g_mp=Cidnb29nbGUubWFwcy5wbGFjZXMudjEuUGxhY2VzLlNlYXJjaFRleHQQAhgEIAA,texas
"ROBERT RUSSELL PLUMBING, INC.",robert-russell-plumbing-inc-muenster,home_services,plumber,"3814 Co Rd 302, Muenster, TX 76252",Muenster,(940) 759-4155,,no_website,tsbpe_verified,approved,approved,TX batch — no_website (Muenster),https://maps.google.com/?cid=9790639343170576097&g_mp=Cidnb29nbGUubWFwcy5wbGFjZXMudjEuUGxhY2VzLlNlYXJjaFRleHQQAhgEIAA,texas
Gulf Coast Plumbing,gulf-coast-plumbing-nederland,home_services,plumber,"3511 N Twin City Hwy, Nederland, TX 77627",Nederland,(409) 549-1770,http://www.gulf-coastplumbing.com/,website_url_not_reachable,google_places,approved,approved,TX batch — website_url_not_reachable (Port Arthur),https://maps.google.com/?cid=12601410991131750212&g_mp=Cidnb29nbGUubWFwcy5wbGFjZXMudjEuUGxhY2VzLlNlYXJjaFRleHQQAhgEIAA,texas
Mid County Plumbing LLC,mid-county-plumbing-llc-nederland,home_services,plumber,"2222 Spurlock Rd, Nederland, TX 77627",Nederland,(409) 727-6833,https://www.midcountyplumbing.com/,website_url_not_reachable,google_places,approved,approved,TX batch — website_url_not_reachable (Port Arthur),https://maps.google.com/?cid=18243001718950477821&g_mp=Cidnb29nbGUubWFwcy5wbGFjZXMudjEuUGxhY2VzLlNlYXJjaFRleHQQAhgEIAA,texas
"Connally Plumbing, Inc.",connally-plumbing-inc-new-braunfels,home_services,plumber,"903 Landa St, New Braunfels, TX 78130",New Braunfels,(830) 837-5663,https://www.connallyplumbing.com/,website_url_not_reachable,google_places,approved,approved,TX batch — website_url_not_reachable (New Braunfels),https://maps.google.com/?cid=14755969044811305748&g_mp=Cidnb29nbGUubWFwcy5wbGFjZXMudjEuUGxhY2VzLlNlYXJjaFRleHQQAhgEIAA,texas
New Braunfels Plumbing Co,new-braunfels-plumbing-co-new-braunfels,home_services,plumber,"112 Jacks Ln, New Braunfels, TX 78130",New Braunfels,(830) 460-5221,,no_website,google_places,approved,approved,TX batch — no_website (New Braunfels),https://maps.google.com/?cid=4133412176812311662&g_mp=Cidnb29nbGUubWFwcy5wbGFjZXMudjEuUGxhY2VzLlNlYXJjaFRleHQQAhgEIAA,texas
New Braunfels Plumbing Experts,new-braunfels-plumbing-experts-new-braunfels,home_services,plumber,"279 Creekside Way, New Braunfels, TX 78130",New Braunfels,(512) 616-2661,http://newbraunfelsplumbingexperts.com/,website_url_not_reachable,google_places,approved,approved,TX batch — website_url_not_reachable (New Braunfels),https://maps.google.com/?cid=7679069140787378345&g_mp=Cidnb29nbGUubWFwcy5wbGFjZXMudjEuUGxhY2VzLlNlYXJjaFRleHQQAhgEIAA,texas
Plumbing Matters,plumbing-matters-new-braunfels,home_services,plumber,"232 Trade Center Dr, New Braunfels, TX 78130",New Braunfels,(830) 708-0541,,no_website,google_places,approved,approved,TX batch — no_website (New Braunfels),https://maps.google.com/?cid=8974864413104208526&g_mp=Cidnb29nbGUubWFwcy5wbGFjZXMudjEuUGxhY2VzLlNlYXJjaFRleHQQAhgEIAA,texas
Terry Family Plumbing,terry-family-plumbing-new-braunfels,home_services,plumber,"7765 FM482 #4500, New Braunfels, TX 78132",New Braunfels,(253) 201-8200,,no_website,google_places,approved,approved,TX batch — no_website (New Braunfels),https://maps.google.com/?cid=10415949318140725944&g_mp=Cidnb29nbGUubWFwcy5wbGFjZXMudjEuUGxhY2VzLlNlYXJjaFRleHQQAhgEIAA,texas
All-Star Plumbing,all-star-plumbing-odessa,home_services,plumber,"1128 Bruce Ave, Odessa, TX 79761",Odessa,(432) 614-7067,,no_website,google_places,approved,approved,TX batch — no_website (Odessa),https://maps.google.com/?cid=7240903176537086943&g_mp=Cidnb29nbGUubWFwcy5wbGFjZXMudjEuUGxhY2VzLlNlYXJjaFRleHQQAhgEIAA,texas
Danny's Expert Plumbing,danny-s-expert-plumbing-odessa,home_services,plumber,"1806 N Texas Ave, Odessa, TX 79761",Odessa,(432) 332-6692,http://facebook.com/dannysplumbing/,social_or_directory_only,google_places,approved,approved,TX batch — social_or_directory_only (Odessa),https://maps.google.com/?cid=8995870934160003029&g_mp=Cidnb29nbGUubWFwcy5wbGFjZXMudjEuUGxhY2VzLlNlYXJjaFRleHQQAhgEIAA,texas
Don's Plumbing,don-s-plumbing-odessa,home_services,plumber,"120 Monticello Dr, Odessa, TX 79763",Odessa,(432) 333-9826,,no_website,google_places,approved,approved,TX batch — no_website (Odessa),https://maps.google.com/?cid=11589880394767170118&g_mp=Cidnb29nbGUubWFwcy5wbGFjZXMudjEuUGxhY2VzLlNlYXJjaFRleHQQAhgEIAA,texas
Rainbow Plumbing,rainbow-plumbing-odessa,home_services,plumber,"2508 N Grandview Ave A, Odessa, TX 79762",Odessa,(432) 334-0508,,no_website,google_places,approved,approved,TX batch — no_website (Odessa),https://maps.google.com/?cid=9336645684659188579&g_mp=Cidnb29nbGUubWFwcy5wbGFjZXMudjEuUGxhY2VzLlNlYXJjaFRleHQQAhgEIAA,texas
Trenchless Replacement Specialists,trenchless-replacement-specialists-odessa,home_services,plumber,"311 W 42nd St, Odessa, TX 79764",Odessa,(432) 580-7693,https://trenchlessrs.com/?utm_source=GMB&utm_medium=Organic,website_url_not_reachable,google_places,approved,approved,TX batch — website_url_not_reachable (Odessa),https://maps.google.com/?cid=17360255015325263889&g_mp=Cidnb29nbGUubWFwcy5wbGFjZXMudjEuUGxhY2VzLlNlYXJjaFRleHQQAhgEIAA,texas
Pflugerville Plumbers & Drainage Service,pflugerville-plumbers-drainage-service-pflugerville,home_services,plumber,"4674 Priem Ln #301, Pflugerville, TX 78660",Pflugerville,(254) 325-5887,,no_website,google_places,approved,approved,TX batch — no_website (Pflugerville),https://maps.google.com/?cid=8913792548584432880&g_mp=Cidnb29nbGUubWFwcy5wbGFjZXMudjEuUGxhY2VzLlNlYXJjaFRleHQQAhgEIAA,texas
Ace Electric Construction and plumbing 24 hour emergency service calls,ace-electric-construction-and-plumbing-24-hour-emergency-ser,home_services,plumber,"406 S Cage Blvd, Pharr, TX 78577",Pharr,(956) 783-4601,,no_website,google_places,approved,approved,TX batch — no_website (Pharr),https://maps.google.com/?cid=17286864764242765029&g_mp=Cidnb29nbGUubWFwcy5wbGFjZXMudjEuUGxhY2VzLlNlYXJjaFRleHQQAhgEIAA,texas
Carlos Losoya Plumbing & Sewer Ln,carlos-losoya-plumbing-sewer-ln-pharr,home_services,plumber,"1004 W Minnesota Rd, Pharr, TX 78577",Pharr,(956) 638-7928,,no_website,google_places,approved,approved,TX batch — no_website (Pharr),https://maps.google.com/?cid=5544582718871641699&g_mp=Cidnb29nbGUubWFwcy5wbGFjZXMudjEuUGxhY2VzLlNlYXJjaFRleHQQAhgEIAA,texas
Central Showrooms,central-showrooms-pharr,home_services,plumber,"706 W Ferguson Ave, Pharr, TX 78577",Pharr,(956) 782-0080,http://www.plumbingandelectric.com/,website_url_not_reachable,google_places,approved,approved,TX batch — website_url_not_reachable (Pharr),https://maps.google.com/?cid=17258331622994072522&g_mp=Cidnb29nbGUubWFwcy5wbGFjZXMudjEuUGxhY2VzLlNlYXJjaFRleHQQAhgEIAA,texas
Public Plumbing Service,public-plumbing-service-pharr,home_services,plumber,"227 W Ruisenor Ave, Pharr, TX 78577",Pharr,(956) 702-2825,,no_website,google_places,approved,approved,TX batch — no_website (Pharr),https://maps.google.com/?cid=17008287070377552826&g_mp=Cidnb29nbGUubWFwcy5wbGFjZXMudjEuUGxhY2VzLlNlYXJjaFRleHQQAhgEIAA,texas
QuickFix Plumber Plano,quickfix-plumber-plano-plano,home_services,plumber,"1405 Municipal Avenue, 2213 14th St, Plano, TX 75074",Plano,(469) 817-7527,http://quickfixplumberplano.com/,website_url_not_reachable,google_places,approved,approved,TX batch — website_url_not_reachable (Plano),https://maps.google.com/?cid=985806310632907332&g_mp=Cidnb29nbGUubWFwcy5wbGFjZXMudjEuUGxhY2VzLlNlYXJjaFRleHQQAhgEIAA,texas
Nguyen Brothers Plumbing & Water Heaters Company,nguyen-brothers-plumbing-water-heaters-company-port-arthur,home_services,plumber,"4545 TX-73 #3880, Port Arthur, TX 77642",Port Arthur,(409) 405-4739,,no_website,google_places,approved,approved,TX batch — no_website (Port Arthur),https://maps.google.com/?cid=11610129210134570516&g_mp=Cidnb29nbGUubWFwcy5wbGFjZXMudjEuUGxhY2VzLlNlYXJjaFRleHQQAhgEIAA,texas
HQ Plumbing,hq-plumbing-port-bolivar,home_services,plumber,"1409 Martinique Ln, Port Bolivar, TX 77650",Port Bolivar,(409) 692-6449,,no_website,google_places,approved,approved,TX batch — no_website (Galveston),https://maps.google.com/?cid=9503094525750669825&g_mp=Cidnb29nbGUubWFwcy5wbGFjZXMudjEuUGxhY2VzLlNlYXJjaFRleHQQAhgEIAA,texas
Richardson Plumbing Sewer Air Conditioning Electrical & Air-Duct Cleaning Co,richardson-plumbing-sewer-air-conditioning-electrical-air-du,home_services,plumber,"504 N Coit Rd #1280, Richardson, TX 75080",Richardson,(469) 898-6929,,no_website,google_places,approved,approved,TX batch — no_website (Richardson),https://maps.google.com/?cid=5860040027179343401&g_mp=Cidnb29nbGUubWFwcy5wbGFjZXMudjEuUGxhY2VzLlNlYXJjaFRleHQQAhgEIAA,texas
Sawyer Brothers Plumber's Service Co,sawyer-brothers-plumber-s-service-co-richardson,home_services,plumber,"2929 N Central Expy #957, Richardson, TX 75080",Richardson,(972) 203-6550,,no_website,google_places,approved,approved,TX batch — no_website (Richardson),https://maps.google.com/?cid=3932202482829099009&g_mp=Cidnb29nbGUubWFwcy5wbGFjZXMudjEuUGxhY2VzLlNlYXJjaFRleHQQAhgEIAA,texas
Texas Green Plumbing,texas-green-plumbing-richardson,home_services,plumber,"1300 E Arapaho Rd #101, Richardson, TX 75081",Richardson,(972) 498-1047,,no_website,google_places,approved,approved,TX batch — no_website (Richardson),https://maps.google.com/?cid=14753332162216721026&g_mp=Cidnb29nbGUubWFwcy5wbGFjZXMudjEuUGxhY2VzLlNlYXJjaFRleHQQAhgEIAA,texas
Texas Plumbing Solutions LLC,texas-plumbing-solutions-llc-richardson,home_services,plumber,"500 E Arapaho Rd Ste 603, Richardson, TX 75081",Richardson,(214) 418-4964,https://friscotxplumbers.com/,website_url_not_reachable,google_places,approved,approved,TX batch — website_url_not_reachable (Richardson),https://maps.google.com/?cid=1092828464651696736&g_mp=Cidnb29nbGUubWFwcy5wbGFjZXMudjEuUGxhY2VzLlNlYXJjaFRleHQQAhgEIAA,texas
Pickell Plumbing LLC,pickell-plumbing-llc-round-rock,home_services,plumber,"2501 Louis Henna Blvd, Round Rock, TX 78664",Round Rock,(512) 825-8434,,no_website,google_places,approved,approved,TX batch — no_website (Round Rock),https://maps.google.com/?cid=3213692618444035292&g_mp=Cidnb29nbGUubWFwcy5wbGFjZXMudjEuUGxhY2VzLlNlYXJjaFRleHQQAhgEIAA,texas
Schrade Plumbing INC,schrade-plumbing-inc-rowlett,home_services,plumber,"5013 Industrial St, Rowlett, TX 75088",Rowlett,(972) 475-3532,,no_website,google_places,approved,approved,TX batch — no_website (Rowlett),https://maps.google.com/?cid=10369113794725045622&g_mp=Cidnb29nbGUubWFwcy5wbGFjZXMudjEuUGxhY2VzLlNlYXJjaFRleHQQAhgEIAA,texas
BALLEW PLUMBING COMPANY,ballew-plumbing-company-rusk,home_services,plumber,"129 FM 1248, RUSK, TX 75785",Rusk,(903) 683-4455,,no_website,tsbpe_verified,approved,approved,TX batch — no_website (Rusk),https://maps.google.com/?cid=11355481338135245167&g_mp=Cidnb29nbGUubWFwcy5wbGFjZXMudjEuUGxhY2VzLlNlYXJjaFRleHQQAhgEIAA,texas
Baros Plumbing,baros-plumbing-san-angelo,home_services,plumber,"928 E 21st St, San Angelo, TX 76903",San Angelo,(325) 659-1669,,no_website,google_places,approved,approved,TX batch — no_website (San Angelo),https://maps.google.com/?cid=6158597814553213303&g_mp=Cidnb29nbGUubWFwcy5wbGFjZXMudjEuUGxhY2VzLlNlYXJjaFRleHQQAhgEIAA,texas
Complete Plumbing Repair San Angelo,complete-plumbing-repair-san-angelo-san-angelo,home_services,plumber,"15 E Ave A, San Angelo, TX 76903",San Angelo,(325) 221-4535,,no_website,google_places,approved,approved,TX batch — no_website (San Angelo),https://maps.google.com/?cid=2609843366428859459&g_mp=Cidnb29nbGUubWFwcy5wbGFjZXMudjEuUGxhY2VzLlNlYXJjaFRleHQQAhgEIAA,texas
Diamond H Plumbing,diamond-h-plumbing-san-angelo,home_services,plumber,"3102 Rock Brook Dr, San Angelo, TX 76904",San Angelo,(325) 947-2812,,no_website,google_places,approved,approved,TX batch — no_website (San Angelo),https://maps.google.com/?cid=16183965472206076635&g_mp=Cidnb29nbGUubWFwcy5wbGFjZXMudjEuUGxhY2VzLlNlYXJjaFRleHQQAhgEIAA,texas
Spencer's Plumbing,spencer-s-plumbing-san-angelo,home_services,plumber,"5556 N US Hwy 87, San Angelo, TX 76901",San Angelo,(325) 656-8284,,no_website,google_places,approved,approved,TX batch — no_website (San Angelo),https://maps.google.com/?cid=1185896597134669162&g_mp=Cidnb29nbGUubWFwcy5wbGFjZXMudjEuUGxhY2VzLlNlYXJjaFRleHQQAhgEIAA,texas
Radiant Plumbing & Air Conditioning,radiant-plumbing-air-conditioning-san-antonio,home_services,plumber,"10927 Wye Dr #102, San Antonio, TX 78217",San Antonio,(210) 934-3761,https://radiantplumbing.com/san-antonio/?utm_source=google&utm_medium=businesslisting&utm_campaign=stx-brand_gmb_1023&utm_content=stx-brand,website_url_not_reachable,google_places,approved,approved,TX batch — website_url_not_reachable (San Antonio),https://maps.google.com/?cid=6432204001241944028&g_mp=Cidnb29nbGUubWFwcy5wbGFjZXMudjEuUGxhY2VzLlNlYXJjaFRleHQQAhgEIAA,texas
"Simple Service Plumbing, Heating & Air",simple-service-plumbing-heating-air-san-antonio,home_services,plumber,"11503 Jones Maltsberger Rd Ste 1139, San Antonio, TX 78216",San Antonio,(210) 405-9825,https://callsimpleservice.com/?utm_source=GoogleBusinessProfile&utm_medium=organic,website_url_not_reachable,google_places,approved,approved,TX batch — website_url_not_reachable (San Antonio),https://maps.google.com/?cid=7889267011218532232&g_mp=Cidnb29nbGUubWFwcy5wbGFjZXMudjEuUGxhY2VzLlNlYXJjaFRleHQQAhgEIAA,texas
Guevara's Plumbing,guevara-s-plumbing-san-benito,home_services,plumber,"33969 FM510, San Benito, TX 78586",San Benito,(956) 592-5142,,no_website,google_places,approved,approved,TX batch — no_website (Brownsville),https://maps.google.com/?cid=3251636302413082824&g_mp=Cidnb29nbGUubWFwcy5wbGFjZXMudjEuUGxhY2VzLlNlYXJjaFRleHQQAhgEIAA,texas
Apache Plumbing,apache-plumbing-san-marcos,home_services,plumber,"215 W San Antonio St, San Marcos, TX 78666",San Marcos,(512) 353-4442,,no_website,google_places,approved,approved,TX batch — no_website (San Marcos),https://maps.google.com/?cid=15610922860965058190&g_mp=Cidnb29nbGUubWFwcy5wbGFjZXMudjEuUGxhY2VzLlNlYXJjaFRleHQQAhgEIAA,texas
San Marcos Plumbing,san-marcos-plumbing-san-marcos,home_services,plumber,"324 Riverwalk Dr, San Marcos, TX 78666",San Marcos,(512) 618-7821,,no_website,google_places,approved,approved,TX batch — no_website (San Marcos),https://maps.google.com/?cid=624217979868442211&g_mp=Cidnb29nbGUubWFwcy5wbGFjZXMudjEuUGxhY2VzLlNlYXJjaFRleHQQAhgEIAA,texas
HARRIS PLUMBING HEAT & AIR,harris-plumbing-heat-air-seminole,home_services,plumber,"301 SW 23RD, SEMINOLE, TX 79360",Seminole,(432) 758-6129,,no_website,tsbpe_verified,approved,approved,TX batch — no_website (Seminole),https://maps.google.com/?cid=9284224390939837183&g_mp=Cidnb29nbGUubWFwcy5wbGFjZXMudjEuUGxhY2VzLlNlYXJjaFRleHQQAhgEIAA,texas
DANNY HRNCIRIK ELECTRIC,danny-hrncirik-electric-seymour,home_services,plumber,"406 S Tackitt St, Seymour, TX 76380",Seymour,(940) 889-8843,,no_website,tsbpe_verified,approved,approved,TX batch — no_website (Seymour),https://maps.google.com/?cid=3403672219213016438&g_mp=Cidnb29nbGUubWFwcy5wbGFjZXMudjEuUGxhY2VzLlNlYXJjaFRleHQQAhgEIAA,texas
Dwayne's Plumbing,dwayne-s-plumbing-sherman,home_services,plumber,"449 Mountain Climb Rd, Sherman, TX 75092",Sherman,(903) 893-6097,,no_website,google_places,approved,approved,TX batch — no_website (Sherman),https://maps.google.com/?cid=9286143929548544524&g_mp=Cidnb29nbGUubWFwcy5wbGFjZXMudjEuUGxhY2VzLlNlYXJjaFRleHQQAhgEIAA,texas
Red River Plumbing,red-river-plumbing-sherman,home_services,plumber,"2114 Gibbons Rd, Sherman, TX 75092",Sherman,(903) 892-1729,,no_website,google_places,approved,approved,TX batch — no_website (Sherman),https://maps.google.com/?cid=16547901517124997870&g_mp=Cidnb29nbGUubWFwcy5wbGFjZXMudjEuUGxhY2VzLlNlYXJjaFRleHQQAhgEIAA,texas
Carl & Sons Plumbing Co,carl-sons-plumbing-co-stafford,home_services,plumber,"13701 Stafford Point Dr #1282, Stafford, TX 77477",Stafford,(281) 767-8553,,no_website,google_places,approved,approved,TX batch — no_website (Missouri City),https://maps.google.com/?cid=16419057056125562963&g_mp=Cidnb29nbGUubWFwcy5wbGFjZXMudjEuUGxhY2VzLlNlYXJjaFRleHQQAhgEIAA,texas
Bob plumbing repair sugar land,bob-plumbing-repair-sugar-land-sugar-land,home_services,plumber,"1650 Hwy 6 Ste 425, Sugar Land, TX 77478",Sugar Land,(832) 581-4999,,no_website,google_places,approved,approved,TX batch — no_website (Sugar Land),https://maps.google.com/?cid=10220185385174202089&g_mp=Cidnb29nbGUubWFwcy5wbGFjZXMudjEuUGxhY2VzLlNlYXJjaFRleHQQAhgEIAA,texas
Academy Plumbing Co,academy-plumbing-co-temple,home_services,plumber,"11035 Burgess Rd, Temple, TX 76501",Temple,(254) 982-4972,,no_website,google_places,approved,approved,TX batch — no_website (Temple),https://maps.google.com/?cid=220440317028718337&g_mp=Cidnb29nbGUubWFwcy5wbGFjZXMudjEuUGxhY2VzLlNlYXJjaFRleHQQAhgEIAA,texas
Gann Heating-Air & Plumbing,gann-heating-air-plumbing-temple,home_services,plumber,"5716 Heidenheimer Rd, Temple, TX 76501",Temple,(254) 493-0737,,no_website,google_places,approved,approved,TX batch — no_website (Temple),https://maps.google.com/?cid=9117651483086685941&g_mp=Cidnb29nbGUubWFwcy5wbGFjZXMudjEuUGxhY2VzLlNlYXJjaFRleHQQAhgEIAA,texas
Guerra Plumbing,guerra-plumbing-temple,home_services,plumber,"520 W Avenue G, Temple, TX 76504",Temple,(254) 771-3576,,no_website,google_places,approved,approved,TX batch — no_website (Temple),https://maps.google.com/?cid=7991431776725956020&g_mp=Cidnb29nbGUubWFwcy5wbGFjZXMudjEuUGxhY2VzLlNlYXJjaFRleHQQAhgEIAA,texas
Ready Plumber Temple TX,ready-plumber-temple-tx-temple,home_services,plumber,"7450 Honeysuckle, Temple, TX 76502",Temple,(254) 239-0461,,no_website,google_places,approved,approved,TX batch — no_website (Temple),https://maps.google.com/?cid=8350116523407283302&g_mp=Cidnb29nbGUubWFwcy5wbGFjZXMudjEuUGxhY2VzLlNlYXJjaFRleHQQAhgEIAA,texas
Mark-1 Plumbing Inc,mark-1-plumbing-inc-texas-city,home_services,plumber,"1030 N Pine Rd, Texas City, TX 77591",Texas City,(409) 935-4188,,no_website,google_places,approved,approved,TX batch — no_website (Galveston),https://maps.google.com/?cid=3098347253337779730&g_mp=Cidnb29nbGUubWFwcy5wbGFjZXMudjEuUGxhY2VzLlNlYXJjaFRleHQQAhgEIAA,texas
Patterson Plumbing Inc,patterson-plumbing-inc-texas-city,home_services,plumber,"1522 Texas Ave, Texas City, TX 77590",Texas City,(409) 945-6481,,no_website,google_places,approved,approved,TX batch — no_website (Texas City),https://maps.google.com/?cid=9107056836102053302&g_mp=Cidnb29nbGUubWFwcy5wbGFjZXMudjEuUGxhY2VzLlNlYXJjaFRleHQQAhgEIAA,texas
Speedy House Plumbing,speedy-house-plumbing-texas-city,home_services,plumber,"3422 Palmer Hwy #1134, Texas City, TX 77590",Texas City,(409) 407-5637,,no_website,google_places,approved,approved,TX batch — no_website (Texas City),https://maps.google.com/?cid=3416681192434549557&g_mp=Cidnb29nbGUubWFwcy5wbGFjZXMudjEuUGxhY2VzLlNlYXJjaFRleHQQAhgEIAA,texas
Zeia Plumber Inc.,zeia-plumber-inc-yorba-linda,home_services,plumber,"17337 Aspenglow Ln, Yorba Linda, CA 92886",Yorba Linda,(909) 454-7744,,no_website,sample,approved,approved,Sample test postcard — send to owner,,california
